,A0A0A8WJC6,A0A0K3AT43,A0A2H4ZEZ2,A0AAJ7SV95,A0AAJ7T5N9,A0AAJ7TMY1,A0AAJ7U215,A0AVK6,A3KNI8,A3RMS5,A8MTQ0,A8UWQ7,B3GWE1,B3WFV2,B6EU61,C0HJZ3,C0HJZ4,C1P638,C3Y097,C3YWU0,D0VWM4,E1NZ07,F2Q9W6,F2Q9W7,F2Q9W8,F2Q9W9,F2Q9X0,F2Q9X1,F2Q9X2,F2Q9X3,F2Q9X4,F2Q9X5,F2Q9X6,F2Q9X7,F2Q9X8,F2Q9Y0,F6U472,F6WII6,F6WYU4,F6YMJ4,F6YXK6,F7GH03,G3UZ78,G5EF00,G5EGB6,H9G343,O17824,O42145,O47431,O62089,O76629,O93548,P01942,P01994,P02001,P02007,P02008,P02042,P02088,P02089,P02100,P02104,P02112,P02127,P02128,P02144,P02197,P02208,P02762,P04247,P04443,P04444,P06467,P09105,P09967,P09968,P0DM64,P20244,P20245,P30627,P48798,P49141,P61802,P68871,P69891,P69892,P69905,Q09240,Q09514,Q17134,Q17727,Q17884,Q18086,Q18311,Q19601,Q20015,Q20623,Q20638,Q21618,Q21978,Q22663,Q23117,Q24570,Q2WG80,Q2XNF5,Q3KN63,Q3MQ62,Q4H3K6,Q4V6L1,Q575S8,Q5QSB1,Q6B0K9,Q6VN46,Q70PH6,Q70T62,Q70T63,Q70T64,Q7KLI1,Q7TPG1,Q7YWV3,Q7YZV1,Q7ZT21,Q8AXK2,Q8HY34,Q8MPY8,Q8N7X0,Q8UUR3,Q8WWM9,Q8WY91,Q90259,Q90485,Q90486,Q90487,Q90864,Q90YJ2,Q95J88,Q966A3,Q98980,Q9CQE0,Q9CX80,Q9DDJ0,Q9ER97,Q9GL60,Q9GYP4,Q9I7P6,Q9I9I3,Q9NL48,Q9NPG2,Q9PVD5,Q9U2R5,Q9VNE2,Q9XXI2
A0A0A8WJC6,0.0,0.09581488,0.17344761,0.05364448,0.027972698,0.023122549,0.012040198,0.07251674,0.030668676,0.022460282,0.12863344,0.07379103,0.018563032,0.047183514,0.02888,0.027386546,0.031866193,0.020984888,0.022522748,0.072505236,0.024120748,0.053708553,0.020218134,0.036287665,0.03490472,0.029850781,0.0159626,0.019779086,0.042454362,0.010509431,0.022761583,0.028066695,0.066367924,0.19104135,0.017814577,0.021609008,0.39671922,0.018077075,0.013582289,0.022258341,0.031082034,0.017055154,0.031983256,0.02624327,0.025746226,0.05053848,0.034054518,0.16849107,0.09594065,0.041471303,0.02600354,0.018396199,0.028462648,0.017313778,0.021533608,0.018450737,0.019179821,0.024954796,0.018487275,0.01948458,0.016749263,0.018472731,0.009243727,0.010625362,0.009788871,0.030643582,0.0395301,0.029085934,0.07130873,0.024315417,0.012776613,0.010376036,0.018378437,0.028260946,0.019719005,0.029262066,0.064695895,0.05177456,0.04484749,0.02849567,0.03724438,0.07993877,0.103845716,0.029522896,0.014561653,0.0125207305,0.03288138,0.022333443,0.026773274,0.075425565,0.029928446,0.056572437,0.044729054,0.018719792,0.029816031,0.030286431,0.023987114,0.025609195,0.08646548,0.05130011,0.020786762,0.0333305,0.116877735,0.08099586,0.04080051,0.020575047,0.023828745,0.13594145,0.019946098,0.014021754,0.021817505,0.039521694,0.03560233,0.067970276,0.016084969,0.02015841,0.019013166,0.06288153,0.09664619,0.03214699,0.03344375,0.019379675,0.25382388,0.018062472,0.044674337,0.03874755,0.015460789,0.010194302,0.07952058,0.130638,0.0111938715,0.0115430355,0.018589973,0.009089351,0.0145789385,0.09676349,0.026806831,0.26043588,0.1011157,0.008078098,0.036376297,0.03082937,0.034941435,0.031182528,0.0314399,0.026767373,0.07960421,0.023000777,0.13228333,0.024644077,0.032545924,0.021154106
A0A0K3AT43,0.09581488,0.0,0.260508,0.109568,0.09659761,0.11689055,0.118036926,0.124673486,0.10182989,0.0783059,0.17633927,0.112510085,0.075311065,0.08672625,0.07763499,0.1218667,0.12893969,0.07568377,0.095923066,0.12493616,0.08390677,0.08646113,0.09885055,0.092734456,0.11244774,0.13080478,0.102562726,0.102386,0.16402018,0.090510964,0.11964136,0.14281899,0.20021003,0.22534257,0.08046329,0.1279766,0.35645294,0.11864251,0.11359185,0.122740805,0.09200913,0.110320926,0.103180826,0.07252377,0.10302478,0.09815413,0.106132865,0.14487028,0.1190024,0.082078636,0.08588159,0.12365675,0.13973558,0.1200766,0.12632263,0.11112952,0.11513215,0.13551944,0.12679327,0.13140452,0.12647182,0.12128317,0.09277278,0.08473033,0.08093214,0.14960313,0.1623519,0.13537335,0.11428225,0.13968414,0.11789465,0.11000997,0.09794438,0.121284306,0.121802926,0.13434511,0.08721197,0.13687414,0.1306153,0.107519746,0.10624868,0.12924653,0.14203769,0.14723128,0.12217045,0.118324995,0.1421451,0.0759694,0.10518187,0.11406481,0.07943976,0.082018435,0.08994645,0.08733404,0.08564049,0.06529802,0.08307177,0.071272016,0.12753153,0.08134276,0.08997589,0.0633719,0.1353575,0.10165304,0.07502353,0.0823915,0.11289847,0.11307609,0.08345592,0.08866799,0.106327355,0.13552332,0.16808414,0.08745688,0.09993178,0.086622655,0.11128843,0.07502085,0.12090236,0.075873554,0.06977785,0.1311931,0.26670152,0.11847776,0.0886268,0.10564363,0.09532362,0.101554096,0.13868254,0.14789933,0.09395367,0.0950492,0.13115674,0.10076052,0.085986495,0.11646807,0.07603729,0.09672165,0.10621476,0.09679747,0.12201637,0.10264748,0.08272916,0.08879167,0.08601028,0.13035643,0.11117488,0.1017074,0.13606203,0.079239786,0.11376959,0.06639993
A0A2H4ZEZ2,0.17344761,0.260508,0.0,0.19446564,0.16869009,0.14382726,0.15718657,0.19067919,0.1924206,0.18498617,0.26674634,0.1807856,0.1817829,0.18859386,0.18569976,0.16158128,0.1588555,0.19630301,0.17914772,0.19394922,0.16434032,0.19547659,0.14897633,0.18130606,0.17128372,0.1327452,0.1600939,0.17449212,0.13850111,0.17879403,0.1496405,0.14775711,0.1368444,0.33314252,0.19388229,0.14727598,0.43464702,0.14540726,0.15541184,0.15368521,0.1917004,0.16212499,0.1660651,0.1923551,0.15710652,0.19076264,0.16299331,0.29353905,0.20588851,0.1911841,0.17810082,0.15397775,0.1659112,0.1588391,0.14454484,0.1671511,0.16826206,0.14447445,0.1502837,0.14806491,0.147497,0.14774644,0.17726856,0.18404996,0.19044352,0.1472668,0.14268786,0.15074277,0.17986375,0.14957178,0.15201938,0.15631491,0.17371291,0.1944555,0.15428096,0.14838165,0.195625,0.21014625,0.20423084,0.16620553,0.18840855,0.18617463,0.22745752,0.1469785,0.14773214,0.14862818,0.16008878,0.19232768,0.15955949,0.18553329,0.20196772,0.20897812,0.18648559,0.15446794,0.19628215,0.20397586,0.16592836,0.18013716,0.16350842,0.19981617,0.18600011,0.22284442,0.23124832,0.24297279,0.19776738,0.19645268,0.163629,0.2644856,0.17364866,0.17302442,0.18008083,0.1845122,0.13588488,0.20123863,0.16323131,0.17369771,0.15846169,0.22426409,0.2373749,0.20289207,0.1923393,0.15829396,0.34752858,0.1612714,0.1952954,0.16964614,0.17057395,0.16544127,0.19028068,0.25096846,0.1694063,0.16977328,0.1484608,0.17355877,0.18736768,0.23401225,0.19442248,0.3511824,0.24371195,0.1680398,0.18873328,0.1978656,0.18773776,0.16586822,0.1976338,0.15100336,0.18169433,0.18933427,0.25972694,0.20545775,0.16551882,0.19131702
A0AAJ7SV95,0.05364448,0.109568,0.19446564,0.0,0.03265679,0.04535657,0.0586071,0.047985375,0.052063107,0.061469972,0.06269187,0.110538185,0.06331468,0.053643465,0.046646178,0.07846707,0.08740878,0.058803916,0.047385275,0.09609401,0.047159374,0.043622494,0.062238574,0.06766021,0.07972652,0.06698167,0.05898398,0.063895166,0.09625924,0.05982822,0.07390523,0.078878164,0.12441832,0.12917817,0.05023521,0.06330949,0.367855,0.06566346,0.057499588,0.074552596,0.025026143,0.06727785,0.043079793,0.039948344,0.07012099,0.053593576,0.06689042,0.16518116,0.12169433,0.04651183,0.06581652,0.0684548,0.06497455,0.060114145,0.068434775,0.064426064,0.068491995,0.06888664,0.062865496,0.06847155,0.069769084,0.06644249,0.050400853,0.058921456,0.053539455,0.083783984,0.10071945,0.08498609,0.0803166,0.08017284,0.06561351,0.06450963,0.062253118,0.05159849,0.07489669,0.08576614,0.040219307,0.09151447,0.08638185,0.07610595,0.03654927,0.08352959,0.09026098,0.07536,0.06464046,0.061600804,0.0755437,0.04373616,0.062164903,0.06879419,0.033861578,0.05990815,0.04126215,0.05457467,0.034049332,0.051061153,0.04857099,0.052585483,0.08962095,0.04515171,0.058257937,0.050284743,0.07824892,0.046520233,0.053531647,0.04552722,0.06616789,0.10933435,0.053305984,0.049609303,0.041900873,0.069321096,0.08843815,0.09142381,0.061811566,0.05988401,0.06819868,0.07089025,0.10706431,0.047067225,0.041735888,0.065300226,0.23884672,0.059810877,0.038016498,0.040620446,0.05031389,0.04362458,0.030179203,0.10420179,0.054593027,0.054460227,0.07227534,0.054041922,0.04849255,0.10278565,0.04055655,0.24495167,0.088961124,0.045391083,0.07011163,0.051095426,0.045174003,0.043082893,0.061313927,0.0811975,0.09975499,0.04416281,0.11397904,0.03692442,0.070213795,0.046245456
A0AAJ7T5N9,0.027972698,0.09659761,0.16869009,0.03265679,0.0,0.026274621,0.036916435,0.053529143,0.038090944,0.03201127,0.09350324,0.09339398,0.031811357,0.038564086,0.018771827,0.044194043,0.051435053,0.032179594,0.02824086,0.07369822,0.025898159,0.030983508,0.034319043,0.05449313,0.047358453,0.041450262,0.03069216,0.03528577,0.068755805,0.03320664,0.04124564,0.05552894,0.09455401,0.16220379,0.026708841,0.04045707,0.40795124,0.044083774,0.03315133,0.04548967,0.02399689,0.038680017,0.033682227,0.027079105,0.03701186,0.045229435,0.04012847,0.17316538,0.1105572,0.030655742,0.033056617,0.03930545,0.0492543,0.041499376,0.0362491,0.037813246,0.04280734,0.042131722,0.040276766,0.04433757,0.043195724,0.04047686,0.025251448,0.028909862,0.025755465,0.058522165,0.068259,0.053056657,0.06789988,0.052462697,0.03737676,0.03729725,0.036099494,0.03697282,0.04189706,0.05383444,0.04578525,0.07584256,0.07019508,0.039570212,0.031636596,0.08621359,0.09842324,0.05067706,0.038832188,0.036884665,0.05368793,0.02440381,0.031577766,0.050687313,0.023305833,0.041198254,0.031088948,0.023589551,0.021933913,0.030459225,0.025778651,0.0276258,0.07478535,0.03925532,0.028946996,0.0324049,0.065072596,0.05409503,0.039216638,0.023214698,0.044154346,0.11788452,0.03249812,0.025116622,0.026565552,0.03974563,0.06463516,0.064442515,0.036904693,0.03780043,0.04569602,0.057608664,0.10464561,0.033325076,0.02777934,0.044441402,0.26165533,0.038592577,0.03046745,0.036204457,0.017766893,0.019206703,0.046358168,0.09187263,0.027050793,0.026390493,0.049227,0.02940774,0.028486311,0.087634504,0.020531356,0.25409532,0.074908495,0.019177914,0.04423201,0.039016545,0.031227231,0.021463275,0.03841889,0.049874067,0.08680445,0.028681695,0.12099159,0.027652383,0.0454911,0.02665019
A0AAJ7TMY1,0.023122549,0.11689055,0.14382726,0.04535657,0.026274621,0.0,0.019744813,0.05571431,0.030062675,0.03778541,0.11647469,0.090536535,0.032952964,0.03621471,0.039042234,0.030824423,0.034770787,0.031582236,0.025609732,0.07924104,0.020926774,0.043747306,0.026752293,0.05277735,0.041799366,0.028174043,0.018823326,0.029870033,0.036637902,0.033660233,0.023804724,0.029006898,0.057273567,0.1812656,0.028755128,0.030143142,0.4136722,0.026700437,0.025073469,0.02442044,0.03769517,0.025427103,0.030294001,0.03678584,0.030977666,0.039959013,0.022063673,0.1922096,0.10879195,0.028327465,0.03460002,0.02578473,0.02989328,0.022699594,0.02635014,0.02237004,0.025103569,0.027366102,0.024151623,0.024701118,0.025950849,0.026317775,0.025107801,0.030712605,0.028313756,0.038853526,0.043962777,0.026398897,0.06377441,0.031991184,0.026025057,0.02728945,0.03006357,0.03921199,0.023887038,0.027717173,0.05375415,0.07597798,0.06867629,0.033289135,0.03367871,0.07623112,0.093818724,0.029746294,0.024412692,0.023679554,0.03088975,0.02852428,0.021189034,0.06504446,0.03885007,0.054766297,0.03694272,0.02018565,0.025070727,0.04215789,0.021213353,0.02864331,0.06717521,0.04582888,0.02993226,0.043444395,0.10296869,0.07615167,0.059048116,0.0445984,0.024027944,0.14036918,0.023563623,0.024720788,0.031642854,0.047945797,0.034202397,0.071445584,0.027924895,0.03739673,0.02445507,0.07461691,0.1085462,0.036026716,0.039931297,0.022754014,0.2622571,0.024510503,0.042570055,0.03664261,0.024594009,0.015641093,0.0584684,0.11639714,0.024911642,0.023628056,0.022530556,0.026012361,0.031548083,0.097344875,0.03385389,0.2854731,0.10264963,0.015126228,0.034984052,0.03838271,0.04723555,0.018897712,0.03924024,0.025367737,0.08248913,0.032658935,0.14521462,0.034342527,0.03608632,0.03316611
A0AAJ7U215,0.012040198,0.118036926,0.15718657,0.0586071,0.036916435,0.019744813,0.0,0.07789034,0.018828034,0.028101623,0.13646114,0.076821566,0.029290974,0.055989265,0.048569858,0.029589713,0.034812808,0.026255846,0.027900815,0.07064396,0.028291643,0.06628972,0.016468227,0.050519288,0.02148801,0.019662082,0.01183176,0.019651592,0.03397566,0.02695793,0.014398813,0.024973452,0.06294376,0.1915344,0.018792093,0.02664107,0.4088496,0.017260551,0.019813657,0.019482315,0.039719105,0.015429378,0.038324416,0.039305866,0.02311021,0.06253958,0.026411116,0.1942653,0.09868389,0.046949983,0.021382272,0.018389761,0.036476076,0.018276453,0.0150693655,0.015307188,0.017722666,0.02181089,0.0176242,0.017675757,0.020971775,0.01748091,0.016279757,0.023618639,0.023459256,0.025175035,0.032943666,0.026948512,0.055657506,0.019056201,0.014973223,0.015501738,0.015627384,0.033569634,0.025290072,0.028139293,0.068129,0.065496504,0.057484508,0.020747244,0.040685177,0.08865112,0.10334343,0.025165081,0.018028378,0.01597023,0.03815335,0.031129122,0.0245623,0.08601135,0.045677543,0.06824696,0.054640055,0.01886636,0.038610697,0.04169166,0.028465033,0.03251803,0.08930701,0.06151396,0.030374765,0.04577905,0.12707269,0.09111464,0.054505467,0.032510996,0.0104058385,0.14818645,0.019320607,0.017001688,0.016666353,0.04028195,0.028398037,0.08091557,0.0141862035,0.01978296,0.008657098,0.074395,0.09621632,0.03931099,0.043809593,0.014851749,0.2508301,0.02270782,0.054682016,0.044100285,0.016244292,0.0140372515,0.085657775,0.14347506,0.019828677,0.01837188,0.014114082,0.016795158,0.01946485,0.11287993,0.038058817,0.2891593,0.10961318,0.01261735,0.030525148,0.023355782,0.046264887,0.03770256,0.033072293,0.024208188,0.08603734,0.020381272,0.14507216,0.036165774,0.019696116,0.031980276
A0AVK6,0.07251674,0.124673486,0.19067919,0.047985375,0.053529143,0.05571431,0.07789034,0.0,0.06747484,0.06384802,0.101453304,0.12058699,0.05876118,0.035574794,0.051393747,0.09498423,0.0973351,0.06454837,0.065425634,0.10850626,0.044163108,0.032717228,0.066604376,0.086245835,0.09133613,0.08149332,0.07075524,0.07089996,0.11331898,0.08222002,0.08545542,0.0966596,0.13434952,0.181773,0.06301147,0.07958919,0.3994441,0.066607475,0.0711779,0.07857549,0.042176127,0.071476996,0.03354484,0.04470998,0.07276982,0.045644462,0.05939114,0.20050484,0.12975991,0.037352026,0.07683247,0.08262026,0.08842486,0.07767111,0.07993716,0.069232285,0.07811582,0.08780837,0.08058566,0.083013356,0.07841319,0.07178432,0.06690949,0.06436682,0.06763786,0.09162003,0.10679567,0.08478373,0.08927059,0.08519441,0.07676047,0.07242125,0.06909108,0.0847826,0.07474208,0.08343148,0.055121005,0.10785407,0.103109,0.082886875,0.06137705,0.102659345,0.067626,0.09590465,0.07327533,0.069557905,0.09661466,0.053476095,0.056464612,0.04534787,0.041561782,0.05381733,0.028806746,0.05729091,0.043204308,0.05584544,0.04460597,0.055709362,0.05480784,0.03050673,0.062004805,0.054249108,0.08553904,0.06937659,0.06704867,0.05706799,0.07065606,0.13145494,0.056641936,0.05977893,0.0670681,0.10052389,0.105520666,0.0793795,0.06347245,0.072746634,0.07441634,0.07938075,0.12667352,0.049622,0.03674835,0.07869309,0.27806973,0.06864661,0.032425404,0.02607125,0.062397003,0.06363559,0.033535838,0.0920254,0.06902766,0.07189417,0.0771243,0.07033688,0.057697594,0.10092157,0.040156603,0.2798313,0.08509016,0.06214857,0.07980198,0.071175694,0.071546376,0.04749608,0.057597518,0.080601454,0.11325753,0.07005751,0.14776301,0.050342023,0.06990051,0.05221939
A3KNI8,0.030668676,0.10182989,0.1924206,0.052063107,0.038090944,0.030062675,0.018828034,0.06747484,0.0,0.032881618,0.121251225,0.087877095,0.033524215,0.04652971,0.055422068,0.053768158,0.062309265,0.02897346,0.03410971,0.079601884,0.02878189,0.056221664,0.029917777,0.05522847,0.03421223,0.03450334,0.025112689,0.028187156,0.06605619,0.048495114,0.038130283,0.056132674,0.10718745,0.15374768,0.016628385,0.05252695,0.42144352,0.038083553,0.042947233,0.042623818,0.036551535,0.031938672,0.04278046,0.042037487,0.03740239,0.062114418,0.03035736,0.20060736,0.10416311,0.038066626,0.025447488,0.04013568,0.06307244,0.036976278,0.037976444,0.028950632,0.03532076,0.049433053,0.04290831,0.044706583,0.051152527,0.04367709,0.028345525,0.038579106,0.035488546,0.05065775,0.063218236,0.053454757,0.05684948,0.0442456,0.04243368,0.04107535,0.02518028,0.048068583,0.05067551,0.05664426,0.053431213,0.09807062,0.08784062,0.03202516,0.035445333,0.107149124,0.10346401,0.05583626,0.04559064,0.042207062,0.067151785,0.02780956,0.032182157,0.0790509,0.043168664,0.056572974,0.046301663,0.024518907,0.032883346,0.034373105,0.029153407,0.03412777,0.0830245,0.05394894,0.03213322,0.033753514,0.10539168,0.072900236,0.055119872,0.035546184,0.022468507,0.1463142,0.01870346,0.022863448,0.022876978,0.058725893,0.05898565,0.074955106,0.030916452,0.023829103,0.019539177,0.081706464,0.09580153,0.027379334,0.032360733,0.037301064,0.25559062,0.043937087,0.046040833,0.045967042,0.027787387,0.025241971,0.07958406,0.14124048,0.032557726,0.031332195,0.037600875,0.032901227,0.028853893,0.1067003,0.029451728,0.28577018,0.097955465,0.024348736,0.032886863,0.01599282,0.04590726,0.04002905,0.025092542,0.049128056,0.10116148,0.020773172,0.14953691,0.02865243,0.024347425,0.027236164
A3RMS5,0.022460282,0.0783059,0.18498617,0.061469972,0.03201127,0.03778541,0.028101623,0.06384802,0.032881618,0.0,0.14880115,0.0823068,0.010716081,0.038294315,0.02369231,0.04523486,0.04935932,0.010598242,0.029909909,0.080452085,0.018155038,0.04421413,0.02154702,0.045771956,0.023901522,0.041603923,0.022460282,0.022567391,0.06849283,0.02822268,0.030868411,0.053334773,0.10084289,0.19297332,0.013706803,0.041781366,0.39336437,0.036026597,0.031152606,0.039877594,0.034443438,0.029652953,0.0286116,0.018929303,0.023570478,0.055383027,0.028245568,0.16783702,0.09598833,0.034160376,0.011751831,0.039774,0.06331259,0.03939855,0.038623273,0.03426093,0.039133728,0.0485276,0.042116404,0.045786798,0.04008758,0.036732376,0.022402823,0.018668234,0.021109998,0.04916358,0.059086442,0.04878992,0.05018282,0.040376723,0.031318784,0.02637726,0.021545827,0.056143105,0.04121095,0.04807222,0.048776984,0.06402898,0.054533184,0.026222348,0.046571136,0.09117371,0.087426186,0.057516158,0.03583312,0.031765163,0.06439674,0.016824484,0.022907317,0.06768829,0.028853357,0.0426808,0.039751947,0.016678989,0.030570686,0.0121359825,0.017617643,0.01336956,0.07418662,0.037891567,0.025483072,0.02228117,0.09733212,0.0636279,0.037563205,0.02303207,0.027290463,0.11976731,0.017071664,0.0154025555,0.03058368,0.056367457,0.06983149,0.058772624,0.02457279,0.021362305,0.028072298,0.039442837,0.08827728,0.020573676,0.026318371,0.0436489,0.26250702,0.04096365,0.03951472,0.0331375,0.017387807,0.026200712,0.086003065,0.11739749,0.022806525,0.025167108,0.042120397,0.02652198,0.01705134,0.09139192,0.0189327,0.25879884,0.08511263,0.021205604,0.04421401,0.041160166,0.0389449,0.03076148,0.023230016,0.044381976,0.08278513,0.03810799,0.13278067,0.027151108,0.02353549,0.013221264
A8MTQ0,0.12863344,0.17633927,0.26674634,0.06269187,0.09350324,0.11647469,0.13646114,0.101453304,0.121251225,0.14880115,0.0,0.18309498,0.14488173,0.116036594,0.11526811,0.15328264,0.16302443,0.13945824,0.12316924,0.16046834,0.12674546,0.10795468,0.13800043,0.14048898,0.16746819,0.14905381,0.13443321,0.1434775,0.17921108,0.13079381,0.15638447,0.15969771,0.20609927,0.12808555,0.11795622,0.13414603,0.4216717,0.14617127,0.13544339,0.15056545,0.06392801,0.14437842,0.11708051,0.10707909,0.16039026,0.110517085,0.15095603,0.2148056,0.19486952,0.10537034,0.15327609,0.14558017,0.12684822,0.14206803,0.14763343,0.1369183,0.13471591,0.14645809,0.13935685,0.14440608,0.14939111,0.14725035,0.12097597,0.13097686,0.119050086,0.1753735,0.19404179,0.15605819,0.18134063,0.16888654,0.15044737,0.15042526,0.14272279,0.098982096,0.14408612,0.15868801,0.10483289,0.16983813,0.1699614,0.16306794,0.11355579,0.1538676,0.17701656,0.14978242,0.13798332,0.13671792,0.14146662,0.104471624,0.14428616,0.13189203,0.08820629,0.12391746,0.09964812,0.13616472,0.093556166,0.12752724,0.12803525,0.13122845,0.16422194,0.10839671,0.1238603,0.10512793,0.12037492,0.077682555,0.101739466,0.10401654,0.14395326,0.17583263,0.13578391,0.11931127,0.1044994,0.1304338,0.16962492,0.16569728,0.13726836,0.14681941,0.15092361,0.1561113,0.18931925,0.12406373,0.10941225,0.13894075,0.30305803,0.12864637,0.09252304,0.11127043,0.12245363,0.10704076,0.0642398,0.122072935,0.122799695,0.12141436,0.14921707,0.12823313,0.11096287,0.17083359,0.10776502,0.28102297,0.15247703,0.11132717,0.1438809,0.10868895,0.0951699,0.11078817,0.14281768,0.15389621,0.17979854,0.09754932,0.18484944,0.083117306,0.16451466,0.11744344
A8UWQ7,0.07379103,0.112510085,0.1807856,0.110538185,0.09339398,0.090536535,0.076821566,0.12058699,0.087877095,0.0823068,0.18309498,0.0,0.082015455,0.11402398,0.09425688,0.08306795,0.08794212,0.085443914,0.090272784,0.08215332,0.087552965,0.11427003,0.070468605,0.091858804,0.08143616,0.062150598,0.06788576,0.07258922,0.10097551,0.08191639,0.06977981,0.091059685,0.11190802,0.22508615,0.074905574,0.07358956,0.44205898,0.06955689,0.07117003,0.07540107,0.086868405,0.069978714,0.09271926,0.08958936,0.09062058,0.11590862,0.09940183,0.20638925,0.041005135,0.10110229,0.07550925,0.067555666,0.09050888,0.076898694,0.07535404,0.078660846,0.079693794,0.076286554,0.07195437,0.075178266,0.07709974,0.07728374,0.07259601,0.08206284,0.0800693,0.08854717,0.0933184,0.084863186,0.101982534,0.08756983,0.075077176,0.074011326,0.07416028,0.09401327,0.07660192,0.08020723,0.10488933,0.13457179,0.124323964,0.084831655,0.10379958,0.12904197,0.17810762,0.08214837,0.073697746,0.07179725,0.08942872,0.09280592,0.08756614,0.09478319,0.10291904,0.1039353,0.10287595,0.068590105,0.10848206,0.097620845,0.088350296,0.084343076,0.1318332,0.10656965,0.100013494,0.09667617,0.1414752,0.14647454,0.087331176,0.08292043,0.07545376,0.19663054,0.07476467,0.08501029,0.08094424,0.083192945,0.088626266,0.09504467,0.06874949,0.063207865,0.06990564,0.12455845,0.15738821,0.09958035,0.09324527,0.077605486,0.2805463,0.07429075,0.11467326,0.1023407,0.07429141,0.07838172,0.15083492,0.18840784,0.063714504,0.06325698,0.073800325,0.07267648,0.07330972,0.13558418,0.08726853,0.24361652,0.16462374,0.07583654,0.092760146,0.07984924,0.08743721,0.08999175,0.086212635,0.08240962,0.10418016,0.07656783,0.19536513,0.087675154,0.09029645,0.08318174
B3GWE1,0.018563032,0.075311065,0.1817829,0.06331468,0.031811357,0.032952964,0.029290974,0.05876118,0.033524215,0.010716081,0.14488173,0.082015455,0.0,0.035656393,0.019790709,0.038211048,0.04078144,0.011336923,0.02517724,0.07926303,0.018373787,0.03731662,0.021921813,0.03999895,0.026230454,0.040422797,0.02058661,0.018118441,0.06028998,0.024972498,0.027399123,0.046486318,0.08749652,0.19634974,0.016120315,0.036504447,0.38945842,0.026408255,0.024120748,0.029722333,0.036117792,0.023257792,0.030163825,0.018758237,0.017788231,0.04417932,0.028668106,0.16116607,0.096238494,0.031270325,0.015395224,0.03099829,0.05311328,0.03091377,0.030044198,0.026174903,0.029887855,0.038762033,0.03350562,0.034566402,0.029018223,0.028944433,0.017224908,0.013752699,0.016076326,0.042434752,0.049611688,0.038336277,0.05731845,0.03522384,0.023455977,0.019483209,0.016352952,0.051323652,0.02939415,0.0378927,0.053858817,0.066576004,0.058220208,0.023575008,0.043229282,0.08427125,0.08606124,0.047158778,0.027160287,0.023980439,0.054171383,0.022103906,0.022950172,0.05834967,0.026678562,0.041470885,0.034498274,0.015367806,0.029018164,0.01709491,0.017563462,0.01360321,0.06947482,0.03692615,0.022757709,0.023932636,0.104037106,0.067290604,0.03591442,0.021182597,0.028625071,0.11894095,0.014706731,0.015689075,0.031918406,0.05482906,0.057817817,0.053774834,0.024246454,0.021045744,0.02405274,0.052875638,0.08593559,0.020377994,0.022846758,0.035337567,0.25843734,0.03010875,0.032972574,0.035746098,0.017105043,0.022140741,0.08019042,0.10974163,0.017927885,0.02015233,0.032084703,0.020279348,0.017080188,0.08278167,0.01649493,0.24604225,0.077685,0.017353535,0.037525356,0.04091692,0.035972595,0.03022027,0.020626247,0.03459859,0.08431786,0.035569966,0.13107085,0.02356273,0.031452537,0.0100492835
B3WFV2,0.047183514,0.08672625,0.18859386,0.053643465,0.038564086,0.03621471,0.055989265,0.035574794,0.04652971,0.038294315,0.116036594,0.11402398,0.035656393,0.0,0.033144414,0.0711385,0.07759458,0.03358239,0.043282986,0.09640175,0.023495018,0.015499413,0.048656344,0.06365448,0.061789513,0.06675893,0.04837829,0.04586196,0.09828752,0.05423671,0.059987187,0.08175361,0.13062555,0.17657834,0.035795808,0.07311416,0.407345,0.062111437,0.058704793,0.064632,0.042972803,0.05315888,0.031377554,0.026167274,0.057049215,0.020185292,0.032792747,0.18198663,0.12382823,0.015581727,0.04797566,0.06375569,0.08361262,0.06202519,0.06981605,0.05333686,0.05973041,0.0786857,0.068694115,0.07187897,0.06873423,0.06431639,0.046993613,0.04492551,0.04308027,0.08487129,0.09343648,0.071198106,0.08367634,0.07499248,0.062271416,0.05712843,0.051233947,0.07593763,0.06094116,0.072926044,0.039148867,0.10111159,0.09397215,0.0590384,0.04952836,0.0998956,0.0814479,0.08612114,0.06494796,0.061100423,0.086717606,0.02396977,0.035311162,0.046571016,0.03451675,0.018479407,0.014644802,0.032943904,0.018510997,0.030158877,0.022964,0.028666794,0.03814721,0.018227816,0.028626919,0.028747559,0.077154934,0.04892093,0.05725509,0.04967761,0.051306486,0.11781639,0.03260839,0.03711301,0.05987245,0.08508849,0.09754479,0.061312437,0.04760307,0.047950506,0.05475837,0.058744967,0.11416483,0.027925313,0.018652558,0.066043854,0.27378935,0.063610256,0.020572186,0.032877207,0.04818487,0.042969644,0.05536163,0.076981425,0.04515761,0.047079265,0.06327659,0.052327335,0.045733154,0.08818275,0.021670938,0.26982063,0.07059342,0.03873098,0.053790092,0.058487713,0.06302136,0.023306727,0.037526667,0.06795406,0.101882935,0.058641434,0.13372111,0.026465654,0.056850374,0.031616867
B6EU61,0.02888,0.07763499,0.18569976,0.046646178,0.018771827,0.039042234,0.048569858,0.051393747,0.055422068,0.02369231,0.11526811,0.09425688,0.019790709,0.033144414,0.0,0.045476913,0.05121994,0.024214327,0.030100822,0.084014535,0.024996161,0.020360827,0.040487945,0.056559265,0.050517917,0.055788517,0.038324654,0.042360246,0.07349175,0.02750516,0.047289133,0.056082428,0.09779358,0.1933564,0.030516267,0.04246807,0.3972826,0.041446447,0.028652608,0.04543042,0.02928251,0.039328694,0.037829876,0.016153932,0.039521575,0.029476166,0.043838322,0.1589365,0.10866976,0.026851773,0.031573772,0.04331249,0.04994577,0.042734683,0.044125378,0.038938344,0.04179442,0.047300875,0.04016435,0.04551238,0.04033965,0.03843522,0.024780035,0.02081126,0.01793325,0.06471938,0.07468891,0.051264584,0.07182646,0.057427883,0.036585093,0.033322632,0.03152436,0.042798996,0.03997439,0.05104035,0.04929948,0.06639683,0.06180328,0.04335648,0.04656595,0.08396864,0.09073079,0.05663979,0.036925018,0.034514427,0.05376333,0.021842182,0.039604545,0.047750115,0.015516341,0.029225707,0.028367758,0.026184201,0.024855375,0.020638824,0.024480224,0.022691786,0.06514764,0.027604103,0.029986918,0.022801816,0.07968956,0.056114078,0.028195083,0.022166848,0.04896146,0.11503029,0.029814243,0.026983082,0.03460747,0.049568594,0.07512277,0.055253506,0.032108784,0.039903283,0.047363162,0.046850443,0.095722795,0.0276016,0.02431941,0.04789996,0.2608624,0.037384987,0.02137494,0.041484237,0.024497926,0.02608794,0.055444956,0.07961178,0.025062084,0.02579391,0.0496068,0.02758199,0.022351861,0.07978958,0.020649016,0.23984355,0.072259784,0.023792148,0.057406068,0.0468176,0.032193482,0.02088797,0.03778857,0.047917545,0.085351706,0.03801644,0.13012594,0.024201155,0.057267547,0.015368581
C0HJZ3,0.027386546,0.1218667,0.16158128,0.07846707,0.044194043,0.030824423,0.029589713,0.09498423,0.053768158,0.04523486,0.15328264,0.08306795,0.038211048,0.0711385,0.045476913,0.0,0.0017104745,0.03648597,0.03550285,0.062803864,0.040891707,0.072803676,0.030759096,0.05722326,0.042381763,0.03151542,0.02202177,0.040799737,0.038842738,0.037792385,0.025317013,0.029663265,0.0525288,0.21636069,0.03837371,0.027146935,0.4243812,0.021919549,0.012964308,0.018317163,0.056524813,0.01665765,0.052746117,0.052141905,0.036852837,0.065446734,0.04653144,0.18528783,0.089126706,0.05652386,0.032599747,0.018744111,0.023010671,0.01442939,0.018722415,0.022759736,0.02204448,0.012962282,0.012255907,0.012843847,0.016490042,0.017719388,0.018773139,0.023011863,0.023347676,0.03354752,0.036581933,0.030003011,0.075354755,0.030953288,0.017688274,0.019482076,0.028997421,0.037783682,0.02774012,0.03058058,0.086138785,0.070963025,0.06359208,0.02686137,0.05457717,0.07611108,0.11661172,0.011888444,0.01690054,0.017846644,0.015990555,0.050257027,0.040497303,0.074450195,0.05035031,0.078389645,0.06278968,0.03243941,0.05202496,0.056622088,0.040863216,0.04037398,0.109870076,0.07522243,0.04796207,0.05680853,0.13807404,0.10135174,0.06923151,0.047353268,0.037761986,0.16083431,0.036022663,0.03715998,0.03975123,0.036267996,0.033951223,0.073528826,0.027813077,0.039350927,0.029433668,0.0824849,0.116989434,0.053911388,0.06473309,0.020991147,0.26364726,0.017958283,0.06654149,0.06330103,0.025812805,0.026184797,0.09824073,0.14377391,0.021454394,0.01904875,0.023192048,0.018550158,0.030148804,0.101827145,0.049952507,0.28447342,0.12539816,0.023812294,0.037855506,0.04964137,0.05771172,0.04440427,0.04484135,0.028243959,0.07385504,0.042262256,0.15703398,0.048968613,0.051034033,0.043973982
C0HJZ4,0.031866193,0.12893969,0.1588555,0.08740878,0.051435053,0.034770787,0.034812808,0.0973351,0.062309265,0.04935932,0.16302443,0.08794212,0.04078144,0.07759458,0.05121994,0.0017104745,0.0,0.04193598,0.04101938,0.06765622,0.044608235,0.07978827,0.03209275,0.058623314,0.04760909,0.03522575,0.025087535,0.04532075,0.03676516,0.042411804,0.02702701,0.028970003,0.045944154,0.22999835,0.045456886,0.027172148,0.42482698,0.021714628,0.015170574,0.01787591,0.06266141,0.018444717,0.0537858,0.05731958,0.037388384,0.07156032,0.051379144,0.18719947,0.09267676,0.062263787,0.03824687,0.022264123,0.023524284,0.01671958,0.019829094,0.025952637,0.024840534,0.013866007,0.01440531,0.013623357,0.015686333,0.018045545,0.023431659,0.02583468,0.028580725,0.030680299,0.032271147,0.028894544,0.07940543,0.02859366,0.018265069,0.020605326,0.033366024,0.0446496,0.027671218,0.028784275,0.09631133,0.07204306,0.06504583,0.029351294,0.060777426,0.07779437,0.11620903,0.012128651,0.016124427,0.017612636,0.015674531,0.056539357,0.04147309,0.07860023,0.056147933,0.08643222,0.06729692,0.036729693,0.05894506,0.062820256,0.044508815,0.04459411,0.112758815,0.08046299,0.052545965,0.06454986,0.14659292,0.11132431,0.07626492,0.052660704,0.04188466,0.1684295,0.041148305,0.04241109,0.047958314,0.043099344,0.03317958,0.07773131,0.032542586,0.04475963,0.0331344,0.088917136,0.123307526,0.060312152,0.0705961,0.02315104,0.26761937,0.01844734,0.0732677,0.06407654,0.030066311,0.032064438,0.10308081,0.14981288,0.02651298,0.024848163,0.02421248,0.022571623,0.035173595,0.10784656,0.054960907,0.28756624,0.13287425,0.029334188,0.042228043,0.05943972,0.06380999,0.04982245,0.04944676,0.027540088,0.07585913,0.051299572,0.1642201,0.055999637,0.053735375,0.048886895
C1P638,0.020984888,0.07568377,0.19630301,0.058803916,0.032179594,0.031582236,0.026255846,0.06454837,0.02897346,0.010598242,0.13945824,0.085443914,0.011336923,0.03358239,0.024214327,0.03648597,0.04193598,0.0,0.021206439,0.072282374,0.015863657,0.04332143,0.0246768,0.047752738,0.024591863,0.042640746,0.019887447,0.020641923,0.05915153,0.029124856,0.029481351,0.04318273,0.09286499,0.18869615,0.008669078,0.04065609,0.39463085,0.032128036,0.025782883,0.032868505,0.036625028,0.02392298,0.030432463,0.015447736,0.021640837,0.045374095,0.027899563,0.171619,0.096374094,0.024785042,0.008756757,0.033465147,0.05473697,0.031856596,0.03487873,0.027569652,0.031835794,0.04367435,0.03296089,0.037053466,0.035735667,0.033730924,0.016196072,0.014689624,0.014192998,0.04594475,0.055937707,0.04187268,0.052507102,0.036672115,0.027841926,0.025689185,0.016282737,0.051415205,0.036444128,0.042107046,0.043998778,0.07078475,0.061074972,0.019284606,0.037255883,0.08676833,0.08003193,0.052391827,0.034511328,0.030767083,0.05659592,0.014577746,0.019853175,0.061645567,0.022581995,0.038945854,0.032499015,0.012962699,0.019111037,0.013162792,0.014809668,0.011152625,0.072825015,0.032643676,0.017741442,0.017541528,0.10467738,0.054093003,0.043722868,0.025380611,0.024936974,0.123191416,0.010082841,0.016320944,0.02984935,0.056542277,0.06553775,0.057716668,0.02374357,0.021290958,0.02606535,0.044941306,0.085256934,0.0130906105,0.02359873,0.03197384,0.24757397,0.033481,0.034200788,0.037330627,0.017863989,0.025402248,0.08447158,0.10786897,0.016720653,0.018287122,0.03450191,0.019630432,0.0151747465,0.08575052,0.014352739,0.25727898,0.08494884,0.019922853,0.030085564,0.03755188,0.042876124,0.025037706,0.015393376,0.03723508,0.07700354,0.03467524,0.13726723,0.019756079,0.027446628,0.012723446
C3Y097,0.022522748,0.095923066,0.17914772,0.047385275,0.02824086,0.025609732,0.027900815,0.065425634,0.03410971,0.029909909,0.12316924,0.090272784,0.02517724,0.043282986,0.030100822,0.03550285,0.04101938,0.021206439,0.0,0.08196372,0.024903715,0.045561075,0.02727151,0.043139696,0.033881605,0.035376966,0.022351265,0.025729,0.055895388,0.030999482,0.029993534,0.04294437,0.08261961,0.18224865,0.021956801,0.03589034,0.39797723,0.030778408,0.025017142,0.034349322,0.03319913,0.0298028,0.035152137,0.026506603,0.030401707,0.047080874,0.036716163,0.16624767,0.10336125,0.035489738,0.02473861,0.03400445,0.041936636,0.027613342,0.0326038,0.031985402,0.03254503,0.035806537,0.029237628,0.031674385,0.03330463,0.034038484,0.021870196,0.024809003,0.023424506,0.042987347,0.053465724,0.042579412,0.065353274,0.039346695,0.026823997,0.02615881,0.025228083,0.041277945,0.037039876,0.043002486,0.05598867,0.07181096,0.061136246,0.032037795,0.04187733,0.08435124,0.08760363,0.039967597,0.0292387,0.027453005,0.04447359,0.027133644,0.029431581,0.06768441,0.02929449,0.05047238,0.03708923,0.024241328,0.027089834,0.031459153,0.024837732,0.02668345,0.07687998,0.0419966,0.027787983,0.034924448,0.11284524,0.061559677,0.051641762,0.027967393,0.033203244,0.121864796,0.023875177,0.01961118,0.028303444,0.052048028,0.057471037,0.08027816,0.028140903,0.026979387,0.029745936,0.065604985,0.07548696,0.03016901,0.034172,0.032470345,0.25458074,0.03141588,0.036813617,0.04076135,0.022019982,0.02084583,0.070281506,0.11404109,0.025164545,0.02475971,0.035388708,0.024502456,0.022011638,0.10321039,0.024217308,0.25664306,0.09274703,0.01843965,0.03840953,0.03715527,0.044647872,0.029412746,0.03445971,0.039075255,0.07951981,0.031689703,0.1359247,0.028310716,0.037528634,0.02435249
C3YWU0,0.072505236,0.12493616,0.19394922,0.09609401,0.07369822,0.07924104,0.07064396,0.10850626,0.079601884,0.080452085,0.16046834,0.08215332,0.07926303,0.09640175,0.084014535,0.062803864,0.06765622,0.072282374,0.08196372,0.0,0.06959313,0.10407305,0.06823903,0.087218285,0.084349036,0.06943649,0.06805545,0.068825364,0.0912649,0.08699167,0.07504678,0.082075775,0.11053723,0.22038901,0.06335986,0.066131175,0.41486818,0.07022792,0.06668383,0.07004768,0.08275974,0.06351763,0.07684189,0.08794743,0.076325595,0.10429186,0.08870691,0.19909441,0.089289606,0.083755076,0.06934661,0.06846261,0.08550537,0.075006425,0.06734741,0.06891173,0.07501364,0.07017642,0.06891048,0.07064968,0.07447457,0.070854485,0.06479108,0.072128475,0.07089096,0.085006595,0.09130889,0.080572546,0.08941603,0.08252704,0.07422316,0.07490361,0.07218832,0.09194803,0.076478064,0.07839644,0.09605849,0.13801616,0.13337755,0.07197046,0.07351136,0.08829337,0.12800509,0.07564795,0.07131356,0.07023287,0.08392352,0.08050412,0.07565552,0.073418856,0.08156669,0.10249561,0.088044405,0.06570619,0.081656694,0.08822137,0.069607794,0.06995314,0.13219625,0.10191953,0.07339066,0.08142352,0.13499087,0.113942504,0.09193778,0.075858474,0.07572454,0.15818173,0.07110298,0.074836254,0.07395685,0.083973944,0.090474725,0.07483411,0.07005906,0.0682134,0.07145268,0.10195798,0.1283288,0.07631481,0.090207696,0.07122308,0.2389772,0.06771654,0.09343457,0.08236122,0.06385261,0.068985164,0.112158895,0.16446179,0.06037593,0.059381425,0.07209426,0.06629044,0.067993045,0.10558027,0.07490671,0.27803522,0.1351453,0.06667048,0.05997646,0.074021995,0.08736831,0.075635254,0.06627411,0.07787669,0.07803303,0.0737586,0.14688909,0.07879573,0.08075726,0.08278507
D0VWM4,0.024120748,0.08390677,0.16434032,0.047159374,0.025898159,0.020926774,0.028291643,0.044163108,0.02878189,0.018155038,0.12674546,0.087552965,0.018373787,0.023495018,0.024996161,0.040891707,0.044608235,0.015863657,0.024903715,0.06959313,0.0,0.034539282,0.023844063,0.041210115,0.036987245,0.03585148,0.0210253,0.027951181,0.05442065,0.033729255,0.0324018,0.040697515,0.08170414,0.17736578,0.015859842,0.03292817,0.3940909,0.02768439,0.026436567,0.03241265,0.033480406,0.025015593,0.022674143,0.023584902,0.023533225,0.040933967,0.026079595,0.17865187,0.1023581,0.016085148,0.02185285,0.03329754,0.053019285,0.030783832,0.034369767,0.027459681,0.034044325,0.04198736,0.033640206,0.036278665,0.035096228,0.028636038,0.021615267,0.020520091,0.022875428,0.043877423,0.053973675,0.037824094,0.048090816,0.03384596,0.029119432,0.027477205,0.026072025,0.057331264,0.03257078,0.037659407,0.040540338,0.08091891,0.072428346,0.025769353,0.025834858,0.07609218,0.07705355,0.05004573,0.03069079,0.027567744,0.05573654,0.013523102,0.0153800845,0.05474496,0.018996775,0.03950739,0.027158678,0.010847032,0.01615733,0.019721627,0.00013202429,0.015073776,0.060030103,0.031936705,0.016398191,0.022633433,0.08965182,0.054388046,0.043299437,0.028442144,0.023451626,0.1228143,0.012803614,0.016230881,0.034110487,0.06206715,0.054941535,0.044522166,0.023997664,0.02324611,0.027325392,0.054884553,0.096254826,0.011977434,0.020749688,0.034196734,0.24957532,0.031935394,0.029604852,0.026053667,0.018429935,0.025262296,0.061249793,0.10499418,0.019889116,0.021814525,0.03226036,0.025996983,0.02144897,0.08000249,0.016779184,0.25987452,0.08028251,0.020709515,0.032375038,0.039232433,0.044606388,0.017164588,0.018719375,0.034061313,0.07360947,0.038458824,0.13219053,0.02492857,0.027073145,0.016064227
E1NZ07,0.053708553,0.08646113,0.19547659,0.043622494,0.030983508,0.043747306,0.06628972,0.032717228,0.056221664,0.04421413,0.10795468,0.11427003,0.03731662,0.015499413,0.020360827,0.072803676,0.07978827,0.04332143,0.045561075,0.10407305,0.034539282,0.0,0.05724877,0.07486266,0.06978929,0.07186663,0.056402862,0.057843983,0.10212767,0.054511547,0.06675154,0.08457309,0.13108236,0.175874,0.04709989,0.07232642,0.4061376,0.06288332,0.05741775,0.067970574,0.03774947,0.05855781,0.04354465,0.024989069,0.05966556,0.012365699,0.044614673,0.17328787,0.122876704,0.021993041,0.05283296,0.06636965,0.0768317,0.06300092,0.06859791,0.05635196,0.06237036,0.07318336,0.06639111,0.071023524,0.068445385,0.06271148,0.04813105,0.047632456,0.04410225,0.08984971,0.09998381,0.076398194,0.08291644,0.082429886,0.063097715,0.05858624,0.05251211,0.06338805,0.06469065,0.07745689,0.04467559,0.09200311,0.08668065,0.06411874,0.051499426,0.101530254,0.08394718,0.08232701,0.064216614,0.060802817,0.08077949,0.031846702,0.049375474,0.042615533,0.0313251,0.014738023,0.017010808,0.038422883,0.026737034,0.032353222,0.034383953,0.032234907,0.041000783,0.014509678,0.04494214,0.031365097,0.06612831,0.053978026,0.04729247,0.045978308,0.062738895,0.114769876,0.038437903,0.04730034,0.054486215,0.07375127,0.0971725,0.064481676,0.05053276,0.055315852,0.06261021,0.05861795,0.10894966,0.038139164,0.016963184,0.069505215,0.27472574,0.061063886,0.013418019,0.043382406,0.04843074,0.046338618,0.04329455,0.06636572,0.05013621,0.05060792,0.070192814,0.052936852,0.045604587,0.089081466,0.02434653,0.25608712,0.066826224,0.044175565,0.06880891,0.057132244,0.049036205,0.024110198,0.045927882,0.07251042,0.10608125,0.053485334,0.13512892,0.02954626,0.069193244,0.028196692
F2Q9W6,0.020218134,0.09885055,0.14897633,0.062238574,0.034319043,0.026752293,0.016468227,0.066604376,0.029917777,0.02154702,0.13800043,0.070468605,0.021921813,0.048656344,0.040487945,0.030759096,0.03209275,0.0246768,0.02727151,0.06823903,0.023844063,0.05724877,0.0,0.036147594,0.022487462,0.02628678,0.012293935,0.018429577,0.043563068,0.03507918,0.017893255,0.03504181,0.072912335,0.19774252,0.017769337,0.02856803,0.40842164,0.016640961,0.024670959,0.02151382,0.03369689,0.015170157,0.025476456,0.034356058,0.019158483,0.0603168,0.026154697,0.17256021,0.082601905,0.040834725,0.018283367,0.030991971,0.03984964,0.025891244,0.019828796,0.020826817,0.022858262,0.026764393,0.025812626,0.025565922,0.024587274,0.020650744,0.019627213,0.0216735,0.02550745,0.027607083,0.034095228,0.034153283,0.053628504,0.023875117,0.018570483,0.018361807,0.019722998,0.037724733,0.02939409,0.033668578,0.06584257,0.06872606,0.058754325,0.02367872,0.045911193,0.08743775,0.08764452,0.031086564,0.01844269,0.016732812,0.039723814,0.03026563,0.016654551,0.07204181,0.04032564,0.06025082,0.04383588,0.017666757,0.04288709,0.033435583,0.023984134,0.024310768,0.07690108,0.04946536,0.028792083,0.037205637,0.10950005,0.0831148,0.048030794,0.023633242,0.017633855,0.14007771,0.019225419,0.019468129,0.024821043,0.044330895,0.04713893,0.07267189,0.014001489,0.018961847,0.015588641,0.06345147,0.099131584,0.03427553,0.03509897,0.026170075,0.2656883,0.023926139,0.052134097,0.028859735,0.015851736,0.022061765,0.0794,0.13514721,0.027416706,0.027147353,0.023588836,0.021949172,0.017833173,0.11113429,0.026897848,0.26500988,0.09761542,0.019471407,0.03722304,0.028174102,0.041122198,0.03536445,0.02275914,0.030851126,0.08231449,0.026782215,0.13621062,0.033893824,0.018889427,0.025687635
F2Q9W7,0.036287665,0.092734456,0.18130606,0.06766021,0.05449313,0.05277735,0.050519288,0.086245835,0.05522847,0.045771956,0.14048898,0.091858804,0.03999895,0.06365448,0.056559265,0.05722326,0.058623314,0.047752738,0.043139696,0.087218285,0.041210115,0.07486266,0.036147594,0.0,0.061514676,0.055197477,0.045010924,0.04084611,0.07607591,0.048294485,0.054848373,0.06506097,0.10006964,0.1947974,0.040127218,0.04467976,0.40061998,0.045148015,0.045032263,0.0577963,0.043691278,0.050572693,0.039373398,0.049734592,0.0496068,0.07399154,0.069755375,0.11864883,0.0991593,0.06579691,0.05115068,0.061133802,0.06065297,0.051192462,0.058959544,0.060021818,0.059179664,0.058255076,0.055876315,0.055684447,0.048853636,0.05300784,0.04433,0.04231316,0.04469776,0.052321553,0.06419921,0.06790733,0.085449755,0.052199006,0.04705113,0.042925,0.052737355,0.069818676,0.057364047,0.06610739,0.07087183,0.09011251,0.077989995,0.06023568,0.054202974,0.089576125,0.10564405,0.06066835,0.044309616,0.04230064,0.06588304,0.046567082,0.051031113,0.08861476,0.048168123,0.08132875,0.058057904,0.049020767,0.052269578,0.04967189,0.04161817,0.0413,0.10036945,0.06546289,0.04376322,0.05389023,0.139426,0.082496405,0.06285697,0.040087104,0.05891037,0.14462537,0.048946798,0.034295738,0.05376494,0.08756685,0.07679796,0.09121978,0.051685393,0.031155705,0.04681915,0.08706492,0.12031752,0.0438329,0.054140747,0.058766067,0.25296837,0.05167967,0.062639475,0.04397899,0.04599929,0.03977835,0.09389645,0.15454614,0.04671812,0.04913169,0.056927204,0.04624772,0.041618407,0.1188643,0.04225111,0.23916018,0.1244182,0.037588894,0.06046599,0.059965372,0.056822717,0.05495292,0.050184965,0.0650574,0.09121394,0.05746895,0.14409482,0.04531789,0.056915462,0.04346758
F2Q9W8,0.03490472,0.11244774,0.17128372,0.07972652,0.047358453,0.041799366,0.02148801,0.09133613,0.03421223,0.023901522,0.16746819,0.08143616,0.026230454,0.061789513,0.050517917,0.042381763,0.04760909,0.024591863,0.033881605,0.084349036,0.036987245,0.06978929,0.022487462,0.061514676,0.0,0.026670337,0.017172813,0.017953992,0.055063307,0.04627627,0.017453372,0.046333253,0.08731109,0.19919455,0.02063036,0.042887628,0.41965348,0.033548117,0.035158336,0.032280564,0.056154966,0.025303423,0.050895512,0.043034434,0.02663654,0.075939,0.03183204,0.19393802,0.10119963,0.052452564,0.011720538,0.034730196,0.06384653,0.03520441,0.028271675,0.03160304,0.034689844,0.040023386,0.035638213,0.03725809,0.03952706,0.035456,0.030146003,0.034899116,0.037446618,0.03806722,0.041654706,0.04555148,0.046485066,0.03341961,0.028554738,0.028223574,0.019677818,0.058020234,0.043557942,0.04562044,0.06751251,0.0836333,0.06917179,0.02233684,0.06318128,0.105507314,0.10645574,0.04507947,0.035354435,0.032517135,0.06355393,0.04024887,0.030281067,0.081125855,0.057978272,0.062042296,0.05990833,0.023051918,0.05484897,0.041498423,0.03634715,0.034087658,0.08988309,0.06430745,0.04226494,0.049583316,0.11821401,0.08818281,0.05769545,0.038126826,0.016561091,0.14310342,0.025779605,0.027622819,0.032456756,0.050818264,0.058661938,0.084931135,0.02536881,0.023772418,0.020051718,0.07015574,0.10067344,0.043150067,0.051294565,0.036174476,0.26907498,0.043385208,0.06149268,0.05789143,0.021413684,0.035810053,0.11018789,0.13310552,0.032657444,0.03240168,0.03459972,0.03382194,0.026964366,0.119543314,0.03737992,0.29009378,0.100292444,0.030938864,0.03828937,0.04091865,0.05841428,0.048861325,0.034753382,0.04177147,0.09850973,0.03805095,0.14754069,0.045970798,0.025161326,0.035402298
F2Q9W9,0.029850781,0.13080478,0.1327452,0.06698167,0.041450262,0.028174043,0.019662082,0.08149332,0.03450334,0.041603923,0.14905381,0.062150598,0.040422797,0.06675893,0.055788517,0.03151542,0.03522575,0.042640746,0.035376966,0.06943649,0.03585148,0.07186663,0.02628678,0.055197477,0.026670337,0.0,0.015256226,0.027953982,0.03340274,0.041873276,0.017070413,0.029957294,0.052240968,0.17478722,0.031066239,0.021527648,0.4190294,0.021292567,0.02472508,0.027557194,0.055335462,0.024467885,0.045999825,0.056560397,0.036462247,0.07526088,0.043364108,0.20143998,0.088059306,0.056450486,0.031142175,0.024981618,0.042083025,0.023716867,0.021101534,0.030507445,0.030447245,0.022822559,0.02231288,0.022743583,0.030012846,0.028985739,0.032485664,0.04380703,0.044971228,0.025348663,0.028778672,0.03278488,0.0661602,0.02539128,0.026126623,0.028133214,0.030658126,0.05645573,0.032179177,0.031762064,0.07247937,0.09335661,0.08042663,0.031044066,0.05123657,0.09623748,0.1239633,0.024246156,0.022011042,0.020738304,0.0427655,0.048049033,0.033634424,0.066996634,0.06278384,0.07471722,0.059530675,0.024484396,0.056222558,0.05941546,0.036949933,0.045317292,0.08523315,0.07248527,0.043358922,0.06285715,0.119232655,0.104762316,0.06846684,0.04714662,0.023658097,0.1560539,0.033216834,0.03087473,0.036447406,0.04969865,0.03053677,0.081047654,0.027662396,0.02686572,0.019621253,0.096331,0.11426002,0.05257982,0.058573365,0.026549637,0.26704484,0.033951283,0.066634536,0.055235744,0.026332855,0.028017819,0.092478156,0.15055418,0.027231693,0.025761902,0.02335924,0.033328712,0.03534752,0.118304014,0.04530996,0.29242992,0.124264896,0.025823653,0.037353635,0.040372252,0.0636366,0.03994018,0.0451082,0.03097248,0.08384591,0.038689554,0.160564,0.05087936,0.035233498,0.04515475
F2Q9X0,0.0159626,0.102562726,0.1600939,0.05898398,0.03069216,0.018823326,0.01183176,0.07075524,0.025112689,0.022460282,0.13443321,0.06788576,0.02058661,0.04837829,0.038324654,0.02202177,0.025087535,0.019887447,0.022351265,0.06805545,0.0210253,0.056402862,0.012293935,0.045010924,0.017172813,0.015256226,0.0,0.018139899,0.038778722,0.025912225,0.008133888,0.02842927,0.060618937,0.17411298,0.014330268,0.0228858,0.4064476,0.017686605,0.017620802,0.013158858,0.037676692,0.011588514,0.03359443,0.033203363,0.022856057,0.0562827,0.028303087,0.17931062,0.08800304,0.03432399,0.0153928995,0.017868578,0.03164971,0.015126109,0.014836073,0.014089763,0.012505472,0.019909918,0.015636742,0.016893685,0.021537721,0.0195598,0.014027178,0.02021873,0.020967245,0.030342162,0.03346646,0.022877336,0.053747892,0.023424268,0.0151203275,0.01671803,0.013823152,0.034460843,0.020447612,0.02403295,0.06119746,0.07231957,0.061872542,0.01817888,0.044414937,0.084368825,0.10593462,0.022070527,0.014638901,0.013455451,0.030929863,0.02638024,0.018576145,0.06301367,0.03910041,0.054167926,0.040327013,0.013744175,0.03638369,0.03590399,0.021034718,0.025052845,0.08158052,0.050153732,0.028384745,0.0376814,0.107847095,0.0778141,0.048659384,0.028396249,0.011876941,0.13650906,0.017193675,0.018428624,0.024826646,0.033486426,0.03474003,0.068630576,0.016543865,0.018027365,0.013544738,0.0649305,0.09892017,0.035444617,0.03755617,0.016884804,0.25686002,0.017990053,0.048245788,0.04041642,0.012539744,0.017469466,0.08198452,0.12640452,0.015027761,0.0139274,0.016951263,0.016919196,0.01568079,0.10435057,0.026729941,0.27198625,0.09917927,0.013437927,0.03104496,0.028066635,0.041659355,0.02770871,0.029518247,0.021020353,0.076682866,0.024186313,0.1429835,0.029362857,0.027457952,0.024959505
F2Q9X1,0.019779086,0.102386,0.17449212,0.063895166,0.03528577,0.029870033,0.019651592,0.07089996,0.028187156,0.022567391,0.1434775,0.07258922,0.018118441,0.04586196,0.042360246,0.040799737,0.04532075,0.020641923,0.025729,0.068825364,0.027951181,0.057843983,0.018429577,0.04084611,0.017953992,0.027953982,0.018139899,0.0,0.057914317,0.033471644,0.021295011,0.0444867,0.08385968,0.18868357,0.014608622,0.032444894,0.41095114,0.029580295,0.028900206,0.030676186,0.042069435,0.024671853,0.026695311,0.036515057,0.023485303,0.063471556,0.03147,0.17950392,0.09592754,0.046595395,0.021045864,0.029869199,0.053046107,0.031588316,0.028190851,0.029833734,0.03321588,0.038166583,0.034631073,0.03467375,0.03222412,0.034493446,0.022015333,0.026119351,0.028705,0.035416365,0.042354584,0.043055296,0.06158179,0.031746387,0.025353372,0.023061872,0.021433234,0.050612032,0.034017086,0.04241252,0.059557498,0.07359791,0.062423587,0.029509902,0.041974187,0.09232998,0.09887713,0.043569982,0.02950424,0.02676642,0.054602683,0.033435464,0.023449779,0.06207329,0.044454217,0.05423999,0.048127115,0.021321595,0.039514005,0.038290143,0.027359188,0.0286389,0.08487028,0.05531019,0.025437832,0.043243527,0.10928482,0.07700956,0.054426193,0.02688545,0.026223838,0.13459444,0.021546364,0.01865071,0.028178751,0.05114889,0.052369893,0.072045386,0.026204705,0.018832982,0.019263506,0.06934661,0.099066794,0.033118904,0.038143456,0.031684697,0.27386212,0.033421755,0.04884249,0.035063446,0.018383443,0.021062374,0.09053862,0.13115227,0.022610307,0.024391174,0.030494273,0.025655568,0.022400618,0.096818745,0.024172843,0.27482623,0.09652513,0.017564178,0.024944365,0.037278473,0.04843813,0.041119993,0.026562631,0.04009849,0.09073597,0.03192699,0.13413715,0.032724082,0.0250988,0.029081464
F2Q9X2,0.042454362,0.16402018,0.13850111,0.09625924,0.068755805,0.036637902,0.03397566,0.11331898,0.06605619,0.06849283,0.17921108,0.10097551,0.06028998,0.09828752,0.07349175,0.038842738,0.03676516,0.05915153,0.055895388,0.0912649,0.05442065,0.10212767,0.043563068,0.07607591,0.055063307,0.03340274,0.038778722,0.057914317,0.0,0.055981636,0.030850828,0.005988717,0.013610601,0.25095987,0.058949053,0.02191019,0.42465442,0.02189082,0.030209005,0.023725033,0.08238727,0.03186202,0.068903446,0.07604706,0.037891507,0.08853865,0.056212544,0.22394264,0.123262465,0.077582955,0.051835418,0.03235358,0.03343314,0.029856324,0.02274084,0.033496976,0.035362363,0.021248698,0.021731317,0.019236445,0.022146761,0.02443552,0.044379115,0.05234754,0.053240955,0.01744026,0.015168369,0.018693507,0.07998866,0.015940607,0.026933849,0.03504294,0.043777168,0.066878736,0.025163114,0.016928613,0.11574477,0.10223919,0.09310424,0.03728062,0.065285265,0.10298276,0.12524474,0.024775803,0.022231877,0.02339083,0.03371358,0.06726384,0.04364711,0.115505815,0.07673508,0.10909486,0.08809,0.040795207,0.0717808,0.08067942,0.05456543,0.063869715,0.108486295,0.09851217,0.059064806,0.0862062,0.16586173,0.14287096,0.0916391,0.07482946,0.035289347,0.20319378,0.046084285,0.05608076,0.056712627,0.06764752,0.016677797,0.10514116,0.043100953,0.05660689,0.03463632,0.12823617,0.13852298,0.072212815,0.08758682,0.020178676,0.25763822,0.031949103,0.09414405,0.0793798,0.044363797,0.045448005,0.113178074,0.17287171,0.04154873,0.04000312,0.018658161,0.038825333,0.058054507,0.14706075,0.074870884,0.3195234,0.16315395,0.04476309,0.051491797,0.06763703,0.08266628,0.056660235,0.06568384,0.01855594,0.10017562,0.060806036,0.19715983,0.07505995,0.053714693,0.06470293
F2Q9X3,0.010509431,0.090510964,0.17879403,0.05982822,0.03320664,0.033660233,0.02695793,0.08222002,0.048495114,0.02822268,0.13079381,0.08191639,0.024972498,0.05423671,0.02750516,0.037792385,0.042411804,0.029124856,0.030999482,0.08699167,0.033729255,0.054511547,0.03507918,0.048294485,0.04627627,0.041873276,0.025912225,0.033471644,0.055981636,0.0,0.031168401,0.036816597,0.076441646,0.19764417,0.029506743,0.028991878,0.38642716,0.033100307,0.02337271,0.03617841,0.03985834,0.03286791,0.047867596,0.030191004,0.03404361,0.052220106,0.04697615,0.16400862,0.10637218,0.046239257,0.03572792,0.03188336,0.037484646,0.030629754,0.03421223,0.03420371,0.033198237,0.03527552,0.030136287,0.031939983,0.02814883,0.031695902,0.020020902,0.01754874,0.015055954,0.05034113,0.058983922,0.040179133,0.079720676,0.04248345,0.023851693,0.018996775,0.03078109,0.035457134,0.030034304,0.039951265,0.07373607,0.039393663,0.03527218,0.03707528,0.048846245,0.08143401,0.115116954,0.040449083,0.024692595,0.022766054,0.042125404,0.029374957,0.041178167,0.077459395,0.033932686,0.059272468,0.049449444,0.029692054,0.03617549,0.039657414,0.03330964,0.030030072,0.09255564,0.0526672,0.03139639,0.038958073,0.12527937,0.08356148,0.04195243,0.02763027,0.038564503,0.1268304,0.030503392,0.023860693,0.031943023,0.051023662,0.051056206,0.07138294,0.029507875,0.032673836,0.03703487,0.061714113,0.10016596,0.043788075,0.039946914,0.03440672,0.26282263,0.031151295,0.047383368,0.054648936,0.024622262,0.019423604,0.08455145,0.13215947,0.018548787,0.01857388,0.035682857,0.021686554,0.023472428,0.09732294,0.03362125,0.24341482,0.09820634,0.016734898,0.052401006,0.04496032,0.03835827,0.035212636,0.04773605,0.037569225,0.08734447,0.03407234,0.13145143,0.031458974,0.050994217,0.026943326
F2Q9X4,0.022761583,0.11964136,0.1496405,0.07390523,0.04124564,0.023804724,0.014398813,0.08545542,0.038130283,0.030868411,0.15638447,0.06977981,0.027399123,0.059987187,0.047289133,0.025317013,0.02702701,0.029481351,0.029993534,0.07504678,0.0324018,0.06675154,0.017893255,0.054848373,0.017453372,0.017070413,0.008133888,0.021295011,0.030850828,0.031168401,0.0,0.023092806,0.046354473,0.1998043,0.027386308,0.024211228,0.4063266,0.020034373,0.01989901,0.013009667,0.054565847,0.0145968795,0.04553485,0.043173373,0.020273387,0.0651992,0.027997792,0.18753499,0.09583843,0.05202812,0.020190537,0.016413331,0.038704157,0.01847285,0.012350738,0.019481957,0.017559469,0.01733023,0.01662141,0.01612264,0.018743873,0.01933229,0.021248698,0.029076219,0.030884743,0.02611494,0.022832453,0.018988967,0.055472493,0.021355331,0.013116121,0.015972316,0.016009867,0.04649043,0.018841922,0.01978916,0.08129501,0.07764393,0.06716913,0.015638292,0.05693668,0.09567773,0.109749794,0.02050358,0.015974581,0.015527487,0.033926487,0.041229308,0.022530794,0.07345188,0.05663097,0.06457192,0.05522418,0.018215716,0.049278915,0.050920963,0.032014012,0.03587109,0.08919746,0.06494933,0.040595233,0.057493865,0.12591034,0.101073146,0.06273788,0.042497396,0.015960455,0.14839137,0.02486515,0.029484987,0.034257114,0.03566289,0.02930522,0.08361375,0.021809578,0.02467513,0.01735878,0.07810044,0.10328293,0.051874876,0.052969158,0.01542443,0.25920874,0.023731112,0.061490893,0.05393797,0.019194126,0.025253773,0.09750414,0.13719791,0.020324111,0.019007504,0.016159236,0.02220428,0.027909935,0.11593443,0.040429235,0.28451473,0.11558324,0.021004975,0.032786667,0.04398632,0.056590736,0.03959924,0.04309559,0.01762104,0.08741146,0.03663248,0.15308207,0.04415208,0.030186415,0.03580326
F2Q9X5,0.028066695,0.14281899,0.14775711,0.078878164,0.05552894,0.029006898,0.024973452,0.0966596,0.056132674,0.053334773,0.15969771,0.091059685,0.046486318,0.08175361,0.056082428,0.029663265,0.028970003,0.04318273,0.04294437,0.082075775,0.040697515,0.08457309,0.03504181,0.06506097,0.046333253,0.029957294,0.02842927,0.0444867,0.005988717,0.036816597,0.023092806,0.0,0.018657446,0.2284829,0.044306934,0.013553679,0.4147684,0.015989184,0.018737376,0.01752615,0.06588882,0.023598135,0.056676567,0.057138503,0.028279006,0.073608875,0.048059225,0.20878237,0.11593032,0.062294662,0.04078245,0.023282707,0.02478379,0.019614697,0.017288685,0.025524795,0.026034415,0.015972435,0.013008952,0.012131572,0.014854133,0.016646981,0.028665602,0.035267353,0.035593867,0.01704377,0.01847899,0.015323043,0.07039237,0.013499856,0.016545713,0.02217555,0.031065643,0.050433755,0.018471062,0.013884425,0.098801315,0.081035495,0.07224506,0.02877909,0.05165696,0.09049475,0.113597035,0.02016896,0.014703572,0.015104055,0.025548816,0.05118233,0.036864936,0.09802085,0.056531012,0.09061611,0.072960675,0.03134018,0.055151105,0.06522381,0.040727973,0.05021292,0.10130119,0.08040309,0.047492206,0.06875306,0.15227455,0.12021202,0.07314086,0.05638385,0.029574037,0.18079942,0.03372383,0.04317808,0.04237181,0.05447173,0.016028464,0.08837223,0.030904472,0.042768836,0.029053628,0.10505962,0.12534034,0.05746323,0.06845385,0.0128932,0.25227523,0.021495521,0.07411444,0.06572199,0.031824768,0.03499639,0.09900099,0.1578111,0.02707535,0.026031435,0.014179885,0.025110006,0.04007882,0.12512529,0.058119297,0.30241513,0.14445394,0.03325939,0.043646216,0.055704832,0.06541461,0.045286298,0.054186285,0.0141631365,0.08947778,0.047045887,0.17680973,0.057361484,0.046674073,0.04724133
F2Q9X6,0.066367924,0.20021003,0.1368444,0.12441832,0.09455401,0.057273567,0.06294376,0.13434952,0.10718745,0.10084289,0.20609927,0.11190802,0.08749652,0.13062555,0.09779358,0.0525288,0.045944154,0.09286499,0.08261961,0.11053723,0.08170414,0.13108236,0.072912335,0.10006964,0.08731109,0.052240968,0.060618937,0.08385968,0.013610601,0.076441646,0.046354473,0.018657446,0.0,0.28349078,0.09627658,0.032654822,0.4330991,0.03985101,0.04373312,0.034763217,0.11270797,0.05284846,0.092630684,0.10457915,0.062500834,0.11343086,0.08844513,0.2392748,0.1433081,0.108848155,0.086520016,0.04376501,0.041613996,0.04374969,0.037665486,0.054726005,0.053207934,0.032336235,0.034359694,0.030451477,0.031831503,0.039931893,0.06787598,0.07587206,0.079664946,0.033455193,0.024586678,0.02556771,0.10610163,0.033202887,0.041122615,0.051878393,0.068697155,0.09120381,0.03257686,0.022443175,0.1504069,0.123101234,0.11510587,0.06246227,0.094203115,0.11220622,0.1544584,0.033348978,0.034044087,0.037465453,0.037513554,0.10222316,0.06940591,0.12727016,0.1056062,0.1378032,0.114962995,0.068362415,0.103182435,0.11937624,0.081738055,0.09754646,0.13592982,0.12949324,0.092134714,0.12790567,0.19256723,0.17858052,0.120711505,0.10589492,0.066348314,0.22945541,0.078474104,0.08837718,0.09057176,0.08178061,0.020377934,0.12563032,0.07169229,0.0866161,0.062851906,0.16177464,0.1723383,0.11087328,0.1222229,0.035133183,0.27298158,0.04263711,0.12180096,0.10448331,0.070382714,0.07075727,0.13470036,0.19277436,0.05985439,0.059373915,0.033774734,0.060165226,0.08632648,0.15996563,0.10738033,0.3357044,0.19668084,0.069713116,0.07662964,0.10920143,0.10843068,0.08268726,0.10518032,0.027967691,0.10947287,0.09553927,0.2251485,0.107744396,0.08922011,0.09632498
F2Q9X7,0.19104135,0.22534257,0.33314252,0.12917817,0.16220379,0.1812656,0.1915344,0.181773,0.15374768,0.19297332,0.12808555,0.22508615,0.19634974,0.17657834,0.1933564,0.21636069,0.22999835,0.18869615,0.18224865,0.22038901,0.17736578,0.175874,0.19774252,0.1947974,0.19919455,0.17478722,0.17411298,0.18868357,0.25095987,0.19764417,0.1998043,0.2284829,0.28349078,0.0,0.16186285,0.20176643,0.5003637,0.21390706,0.20233762,0.21197742,0.14206159,0.19445217,0.18732321,0.17007154,0.22399908,0.19422984,0.19675231,0.30156285,0.24115509,0.16726959,0.19369894,0.20425808,0.20943052,0.19015837,0.20777535,0.19713026,0.18978071,0.21329474,0.2035361,0.21234256,0.22873789,0.22125107,0.17888367,0.20162123,0.19386888,0.23543239,0.24408406,0.22763383,0.2244001,0.22926074,0.21539694,0.21523881,0.18965167,0.18833518,0.21777803,0.23268425,0.14077371,0.25665504,0.24418837,0.21371347,0.16201699,0.23651737,0.2675225,0.21756619,0.21077782,0.2057038,0.21833205,0.16048515,0.20079082,0.16991574,0.1708867,0.17317247,0.16205424,0.18236274,0.15918559,0.17270368,0.18105227,0.19393039,0.22519642,0.1763581,0.18178868,0.16038722,0.14155191,0.1203385,0.18184137,0.1807121,0.19446337,0.23880357,0.18191534,0.18915838,0.17981672,0.18461108,0.22846353,0.2168178,0.20355618,0.1839047,0.20545226,0.21524322,0.25430697,0.17539889,0.16411471,0.20191789,0.39152682,0.2018727,0.16675597,0.18414426,0.1887334,0.18736291,0.16671377,0.23274046,0.1791802,0.17978913,0.21316385,0.1886211,0.17649311,0.2235015,0.15655631,0.37589204,0.23739225,0.1838445,0.19172949,0.16973001,0.1775763,0.17021608,0.1847102,0.22436017,0.24759114,0.17175728,0.2485376,0.13746816,0.2175358,0.16903162
F2Q9X8,0.017814577,0.08046329,0.19388229,0.05023521,0.026708841,0.028755128,0.018792093,0.06301147,0.016628385,0.013706803,0.11795622,0.074905574,0.016120315,0.035795808,0.030516267,0.03837371,0.045456886,0.008669078,0.021956801,0.06335986,0.015859842,0.04709989,0.017769337,0.040127218,0.02063036,0.031066239,0.014330268,0.014608622,0.058949053,0.029506743,0.027386308,0.044306934,0.09627658,0.16186285,0.0,0.032907426,0.40841663,0.030351937,0.02724731,0.033417642,0.027778566,0.023353577,0.028340876,0.023702085,0.025495648,0.05235815,0.030388236,0.17541462,0.091323495,0.026003003,0.010635436,0.0309574,0.052074254,0.0313254,0.03188914,0.02447021,0.028674424,0.040900588,0.032629848,0.036225975,0.03838086,0.03496027,0.015355885,0.018826127,0.017020226,0.045606256,0.05731833,0.042123556,0.05069685,0.037448585,0.029782236,0.028070807,0.017560363,0.04238224,0.03558594,0.04261142,0.042181194,0.07890707,0.06851667,0.023305655,0.030785263,0.085044324,0.09246415,0.047793925,0.032113492,0.028574169,0.05633372,0.014638603,0.02207613,0.06095934,0.023861647,0.044786394,0.035275042,0.014010549,0.022112668,0.01823318,0.015624106,0.01583469,0.079627216,0.039066136,0.016800702,0.015911877,0.09682536,0.052408516,0.0375005,0.017292976,0.018797517,0.12770057,0.01289016,0.0112397075,0.018259466,0.048240185,0.061100006,0.05578822,0.020133972,0.01612717,0.020942092,0.05320221,0.09300017,0.013407946,0.025467753,0.031274855,0.25934285,0.032384515,0.036957145,0.0345034,0.012453735,0.019018471,0.07849622,0.1198982,0.015353799,0.015590787,0.03249395,0.020751357,0.011985481,0.0840888,0.014165878,0.26058966,0.08424038,0.014863074,0.025745511,0.02109921,0.035904646,0.02824682,0.015222073,0.0378384,0.08248013,0.019758165,0.13217825,0.016920626,0.025131106,0.014985979
F2Q9Y0,0.021609008,0.1279766,0.14727598,0.06330949,0.04045707,0.030143142,0.02664107,0.07958919,0.05252695,0.041781366,0.13414603,0.07358956,0.036504447,0.07311416,0.04246807,0.027146935,0.027172148,0.04065609,0.03589034,0.066131175,0.03292817,0.07232642,0.02856803,0.04467976,0.042887628,0.021527648,0.0228858,0.032444894,0.02191019,0.028991878,0.024211228,0.013553679,0.032654822,0.20176643,0.032907426,0.0,0.40763932,0.014673173,0.013041139,0.021848083,0.04716444,0.025821507,0.042750537,0.0508852,0.028203309,0.06872296,0.056201577,0.1799764,0.09569359,0.058302402,0.038606882,0.023252845,0.024141252,0.02117902,0.020077586,0.029296577,0.028865099,0.014857054,0.015022993,0.014818072,0.014798701,0.018281221,0.023652077,0.02892822,0.030458927,0.021146178,0.027550817,0.023345709,0.067159116,0.018643439,0.017420769,0.019616902,0.032211423,0.04480499,0.019695222,0.020326972,0.08034158,0.074297726,0.065158844,0.03394288,0.041417062,0.07331556,0.114332974,0.017600358,0.009779811,0.00972122,0.027304053,0.044279635,0.03738469,0.076203704,0.041858613,0.08190179,0.06203425,0.02925247,0.0494892,0.057793975,0.03342682,0.042381167,0.101451516,0.070854306,0.04111445,0.057071567,0.13544685,0.09986007,0.054854453,0.035586834,0.033188462,0.16282767,0.035594404,0.030559063,0.03171736,0.047308207,0.022158444,0.07319647,0.02940023,0.035418212,0.029558182,0.094228625,0.121854484,0.048237264,0.059516132,0.020643473,0.26051092,0.020072281,0.06052804,0.051325917,0.021618605,0.025099099,0.08213717,0.14487416,0.019143939,0.019157112,0.0200575,0.023646474,0.027537227,0.10341066,0.043889344,0.2769729,0.12587553,0.023426235,0.04017192,0.046727955,0.049071014,0.04241854,0.04882258,0.022199154,0.08083093,0.03686267,0.16046005,0.04521203,0.048167646,0.03888738
F6U472,0.39671922,0.35645294,0.43464702,0.367855,0.40795124,0.4136722,0.4088496,0.3994441,0.42144352,0.39336437,0.4216717,0.44205898,0.38945842,0.407345,0.3972826,0.4243812,0.42482698,0.39463085,0.39797723,0.41486818,0.3940909,0.4061376,0.40842164,0.40061998,0.41965348,0.4190294,0.4064476,0.41095114,0.42465442,0.38642716,0.4063266,0.4147684,0.4330991,0.5003637,0.40841663,0.40763932,0.0,0.4030164,0.404485,0.4073407,0.40104634,0.4086901,0.39328527,0.38936532,0.39250684,0.40935564,0.40440023,0.2831009,0.43281478,0.41168404,0.40523225,0.4079361,0.42388058,0.4093485,0.40469748,0.40959185,0.41119373,0.41257715,0.41045916,0.4100281,0.40171713,0.40439343,0.40067434,0.39493847,0.40007508,0.4134525,0.42151552,0.40987313,0.41681314,0.4064805,0.3992473,0.3960902,0.40542793,0.4308719,0.404158,0.41019934,0.41978192,0.38469595,0.3942715,0.39968067,0.41871804,0.39395642,0.33578032,0.42189586,0.4016152,0.40016395,0.42723668,0.399238,0.40049368,0.4244368,0.39870113,0.4145053,0.4021898,0.39697063,0.40002233,0.39504468,0.3930028,0.39281577,0.42854452,0.39959538,0.4042961,0.40917867,0.44817996,0.41223204,0.39979267,0.39770883,0.4112326,0.28576636,0.4041772,0.3947733,0.41297197,0.43411368,0.42003393,0.42338794,0.41042984,0.4059503,0.41281372,0.3551718,0.2967736,0.40456158,0.39357173,0.41142207,0.3186261,0.40861487,0.3946917,0.39291734,0.39866304,0.40331596,0.38740706,0.39153355,0.40014172,0.4037041,0.41152763,0.4022631,0.40132958,0.43818963,0.39782602,0.31665534,0.3771332,0.40083027,0.41907722,0.43620235,0.4010389,0.40491635,0.4163748,0.40894818,0.33059204,0.4238491,0.36983007,0.4124552,0.40407205,0.3972785
F6WII6,0.018077075,0.11864251,0.14540726,0.06566346,0.044083774,0.026700437,0.017260551,0.066607475,0.038083553,0.036026597,0.14617127,0.06955689,0.026408255,0.062111437,0.041446447,0.021919549,0.021714628,0.032128036,0.030778408,0.07022792,0.02768439,0.06288332,0.016640961,0.045148015,0.033548117,0.021292567,0.017686605,0.029580295,0.02189082,0.033100307,0.020034373,0.015989184,0.03985101,0.21390706,0.030351937,0.014673173,0.4030164,0.0,0.008397639,0.009940684,0.042951047,0.008461952,0.03629297,0.041026175,0.022557557,0.057428837,0.036141574,0.18180698,0.08637124,0.048661053,0.028885186,0.017207265,0.022634327,0.010945916,0.010661006,0.012684643,0.015127599,0.010995805,0.007977724,0.0063165426,0.006535709,0.005340755,0.014631331,0.018475652,0.022650778,0.011183798,0.018074393,0.019092262,0.062010586,0.009137213,0.007696092,0.009049475,0.017202616,0.037667394,0.016943038,0.017940223,0.07834822,0.066551864,0.05806893,0.022967815,0.044004798,0.07892853,0.09208107,0.014623404,0.0046606064,0.0037876964,0.02447164,0.0400244,0.026557446,0.0765602,0.040020943,0.07144427,0.051049232,0.019406676,0.046629608,0.046406984,0.028013408,0.036106586,0.084046185,0.059069633,0.03616774,0.048890352,0.13036251,0.10263497,0.052758694,0.032308936,0.017800868,0.16064388,0.022246301,0.026285052,0.027640045,0.045463562,0.021054566,0.072197974,0.013889968,0.02572161,0.012584686,0.08613241,0.102622926,0.03944689,0.046186745,0.012171924,0.24581522,0.0112627745,0.054912925,0.041626036,0.020079195,0.023148775,0.080794156,0.14121693,0.019566894,0.01960677,0.0070390105,0.01242882,0.020838678,0.10990381,0.038065195,0.27754843,0.116651595,0.02146852,0.034372747,0.034480512,0.049199164,0.038654983,0.031219125,0.01666826,0.07827616,0.030821204,0.15663546,0.03976214,0.030775487,0.03065586
F6WYU4,0.013582289,0.11359185,0.15541184,0.057499588,0.03315133,0.025073469,0.019813657,0.0711779,0.042947233,0.031152606,0.13544339,0.07117003,0.024120748,0.058704793,0.028652608,0.012964308,0.015170574,0.025782883,0.025017142,0.06668383,0.026436567,0.05741775,0.024670959,0.045032263,0.035158336,0.02472508,0.017620802,0.028900206,0.030209005,0.02337271,0.01989901,0.018737376,0.04373312,0.20233762,0.02724731,0.013041139,0.404485,0.008397639,0.0,0.012366056,0.039408565,0.01167655,0.038306773,0.033973336,0.02450353,0.05309403,0.039816856,0.1748274,0.08875543,0.047526896,0.026042819,0.010722458,0.019933462,0.008287907,0.01178056,0.0150069,0.016028821,0.009123862,0.004669428,0.005879104,0.005384445,0.0074774027,0.007637143,0.011558592,0.013177693,0.020587087,0.027584195,0.021178067,0.06417298,0.017344594,0.005889058,0.0071685314,0.015021026,0.032352805,0.016456544,0.021053016,0.06989026,0.060938537,0.054091096,0.02099961,0.039212286,0.07084769,0.10006672,0.012497723,0.0061416626,0.0053915977,0.019520879,0.03605634,0.030488014,0.06693894,0.029824555,0.06552476,0.04931289,0.020186007,0.036875844,0.042157352,0.026483417,0.032876015,0.09548527,0.05825442,0.03411746,0.044944465,0.12405437,0.08599627,0.050314367,0.028368115,0.026744604,0.15249461,0.024863899,0.022688568,0.024170458,0.033068657,0.025031745,0.06853491,0.018207371,0.026798487,0.020892978,0.07653785,0.10261911,0.035896957,0.047768474,0.01255703,0.24370831,0.009672821,0.048862934,0.045863092,0.015623033,0.016486704,0.0788123,0.12921327,0.008693576,0.008791089,0.012232304,0.0062626004,0.016866744,0.09121448,0.035875857,0.27227783,0.115053475,0.014265895,0.03090179,0.039145708,0.045463264,0.035771072,0.035981894,0.01901722,0.07331288,0.030022204,0.15128142,0.03324008,0.04035026,0.026893973
F6YMJ4,0.022258341,0.122740805,0.15368521,0.074552596,0.04548967,0.02442044,0.019482315,0.07857549,0.042623818,0.039877594,0.15056545,0.07540107,0.029722333,0.064632,0.04543042,0.018317163,0.01787591,0.032868505,0.034349322,0.07004768,0.03241265,0.067970574,0.02151382,0.0577963,0.032280564,0.027557194,0.013158858,0.030676186,0.023725033,0.03617841,0.013009667,0.01752615,0.034763217,0.21197742,0.033417642,0.021848083,0.4073407,0.009940684,0.012366056,0.0,0.051120877,0.0059118867,0.043542206,0.045044243,0.026439428,0.059336722,0.031132877,0.1874606,0.096463084,0.047944903,0.028450549,0.010737836,0.02071917,0.008625567,0.0069548488,0.0056948066,0.0060189366,0.011644363,0.007335782,0.0065549016,0.009388208,0.008431852,0.015039146,0.02093786,0.023997664,0.021606088,0.01981771,0.009831965,0.061030746,0.015118659,0.008866191,0.0141865015,0.013504803,0.035498798,0.009951949,0.010840774,0.085294425,0.07601273,0.06881046,0.019845426,0.05153787,0.081252456,0.10264242,0.01460129,0.008430064,0.008877516,0.016772509,0.04287237,0.025953531,0.0740698,0.047885,0.06844276,0.054959416,0.020918071,0.04954022,0.052027762,0.03224957,0.040774107,0.0923,0.06611675,0.040869534,0.054868817,0.12212598,0.103265405,0.060388386,0.042229116,0.017422795,0.16248548,0.023483574,0.035657823,0.034788728,0.030672133,0.018506825,0.07352471,0.018417716,0.030415058,0.015921593,0.084967256,0.10905033,0.04931146,0.05379826,0.0069180727,0.25084817,0.0064661503,0.06008321,0.05113423,0.021727622,0.025562406,0.09018159,0.13400275,0.017946243,0.017369807,0.005564809,0.013400555,0.025016725,0.10740769,0.04474181,0.287776,0.12332839,0.02242142,0.032465756,0.04142511,0.05218798,0.039083958,0.038018405,0.009169996,0.0789153,0.034746706,0.15848023,0.043033957,0.037608385,0.036527693
F6YXK6,0.031082034,0.09200913,0.1917004,0.025026143,0.02399689,0.03769517,0.039719105,0.042176127,0.036551535,0.034443438,0.06392801,0.086868405,0.036117792,0.042972803,0.02928251,0.056524813,0.06266141,0.036625028,0.03319913,0.08275974,0.033480406,0.03774947,0.03369689,0.043691278,0.056154966,0.055335462,0.037676692,0.042069435,0.08238727,0.03985834,0.054565847,0.06588882,0.11270797,0.14206159,0.027778566,0.04716444,0.40104634,0.042951047,0.039408565,0.051120877,0.0,0.041676342,0.028843105,0.019809067,0.050159156,0.04272437,0.050367773,0.16008991,0.09667981,0.03249085,0.041211486,0.05394399,0.04514903,0.046317875,0.049312115,0.04246539,0.04379958,0.052797675,0.04627353,0.050340056,0.04776776,0.044993818,0.028858185,0.030183613,0.02677387,0.06340587,0.080791175,0.06361437,0.07201034,0.059093237,0.044407368,0.041414738,0.038194478,0.029628456,0.052300274,0.06351864,0.04056096,0.06889701,0.062328815,0.055456758,0.039601147,0.079895675,0.090865135,0.0584085,0.04096937,0.03831631,0.054251075,0.021681428,0.043465793,0.06276369,0.017778516,0.04680717,0.027395964,0.037065506,0.02742523,0.02667749,0.03410089,0.029514134,0.07757282,0.030163467,0.037135363,0.023889482,0.07452273,0.0370813,0.027976751,0.017861307,0.044208407,0.124731004,0.034302473,0.02547425,0.0232957,0.053602695,0.07798797,0.07795644,0.034640312,0.03896624,0.043965876,0.057998836,0.103368044,0.031318426,0.0253039,0.048967004,0.2627172,0.036939323,0.02672571,0.026742697,0.028949142,0.022922754,0.041015267,0.10287809,0.036665022,0.03699094,0.05272597,0.03220725,0.018998861,0.10196656,0.02113086,0.24727172,0.08895892,0.02374202,0.058295667,0.029892683,0.02217573,0.032051325,0.038374186,0.059790134,0.09578425,0.024653792,0.12854528,0.015368581,0.050012052,0.024542332
F7GH03,0.017055154,0.110320926,0.16212499,0.06727785,0.038680017,0.025427103,0.015429378,0.071476996,0.031938672,0.029652953,0.14437842,0.069978714,0.023257792,0.05315888,0.039328694,0.01665765,0.018444717,0.02392298,0.0298028,0.06351763,0.025015593,0.05855781,0.015170157,0.050572693,0.025303423,0.024467885,0.011588514,0.024671853,0.03186202,0.03286791,0.0145968795,0.023598135,0.05284846,0.19445217,0.023353577,0.025821507,0.4086901,0.008461952,0.01167655,0.0059118867,0.041676342,0.0,0.03771895,0.035219193,0.025016546,0.054879904,0.023560286,0.18475121,0.08408898,0.03988862,0.01971507,0.01229465,0.027497888,0.01012671,0.009139061,0.006047249,0.009315908,0.01466167,0.009641945,0.00960207,0.011418939,0.0071793795,0.00890255,0.013762534,0.016869307,0.020981431,0.022852004,0.019763768,0.05997312,0.01546669,0.007768452,0.010004938,0.011113882,0.03388524,0.016618788,0.02066493,0.074052215,0.06835979,0.06054759,0.015663445,0.044956386,0.08600402,0.09678483,0.019197643,0.010659158,0.009405196,0.025633216,0.03197676,0.020047605,0.06942254,0.04086578,0.05774671,0.04632455,0.013928652,0.0405398,0.037725747,0.02493453,0.03156382,0.085118115,0.05640793,0.030918956,0.04030472,0.10813171,0.08995432,0.052613735,0.032775342,0.012785792,0.15457189,0.016039908,0.0279876,0.029021084,0.031019032,0.028108656,0.06629777,0.010760248,0.020738125,0.012320459,0.07282865,0.10161674,0.038021028,0.04094529,0.009836853,0.24935716,0.010391057,0.05367714,0.04419315,0.016625106,0.022345185,0.08749056,0.12880504,0.015003085,0.014732361,0.008204579,0.007928252,0.017844379,0.10649991,0.03283,0.2856502,0.11102742,0.018776178,0.027107835,0.032749534,0.04953885,0.03408128,0.02256918,0.017317057,0.07904112,0.029453456,0.14906508,0.032081366,0.026889384,0.027675867
G3UZ78,0.031983256,0.103180826,0.1660651,0.043079793,0.033682227,0.030294001,0.038324416,0.03354484,0.04278046,0.0286116,0.11708051,0.09271926,0.030163825,0.031377554,0.037829876,0.052746117,0.0537858,0.030432463,0.035152137,0.07684189,0.022674143,0.04354465,0.025476456,0.039373398,0.050895512,0.045999825,0.03359443,0.026695311,0.068903446,0.047867596,0.04553485,0.056676567,0.092630684,0.18732321,0.028340876,0.042750537,0.39328527,0.03629297,0.038306773,0.043542206,0.028843105,0.03771895,0.0,0.029153168,0.036328673,0.04999119,0.038193107,0.16998243,0.10171604,0.03415239,0.03947413,0.048469424,0.053741753,0.042744756,0.044332027,0.041001618,0.046832025,0.052304983,0.04741037,0.048496664,0.04220742,0.04273522,0.03478527,0.03280008,0.03771478,0.046020865,0.057462394,0.052600205,0.069610536,0.041949928,0.03999245,0.03788054,0.040133238,0.0604617,0.042766333,0.050780833,0.046447814,0.0762279,0.06838447,0.04855573,0.037361503,0.08145791,0.07002264,0.057839274,0.03815496,0.035455406,0.05862713,0.02988106,0.02273333,0.0541178,0.03100127,0.051603913,0.030101836,0.029556274,0.029815495,0.031964898,0.022781253,0.027911782,0.062256455,0.03469795,0.027993917,0.03858888,0.09029317,0.061661124,0.056297064,0.032780707,0.040881813,0.12675536,0.030483782,0.025200248,0.04232186,0.07051635,0.068119526,0.06949741,0.03665489,0.03507185,0.037061393,0.057890594,0.10489023,0.02705586,0.030483127,0.04415834,0.26208538,0.038383663,0.037558734,0.0033739805,0.030373394,0.028913498,0.05278951,0.11429131,0.036707938,0.04026586,0.042423308,0.03706783,0.031041145,0.09523922,0.02215749,0.26542604,0.09398496,0.026742041,0.041548073,0.051570654,0.050299168,0.02996236,0.02965784,0.049526334,0.081201375,0.047686994,0.12753952,0.03301549,0.03326547,0.032109857
G5EF00,0.02624327,0.07252377,0.1923551,0.039948344,0.027079105,0.03678584,0.039305866,0.04470998,0.042037487,0.018929303,0.10707909,0.08958936,0.018758237,0.026167274,0.016153932,0.052141905,0.05731958,0.015447736,0.026506603,0.08794743,0.023584902,0.024989069,0.034356058,0.049734592,0.043034434,0.056560397,0.033203363,0.036515057,0.07604706,0.030191004,0.043173373,0.057138503,0.10457915,0.17007154,0.023702085,0.0508852,0.38936532,0.041026175,0.033973336,0.045044243,0.019809067,0.035219193,0.029153168,0.0,0.036088407,0.027968049,0.03503406,0.15976804,0.09996086,0.019858181,0.025583506,0.045982182,0.055596232,0.042506576,0.04649973,0.038476586,0.04141122,0.05389738,0.043016613,0.048043847,0.04195136,0.04021454,0.023957789,0.020697892,0.018759131,0.060123026,0.07075381,0.052847862,0.06406844,0.052214682,0.035092413,0.031410992,0.026521325,0.045867145,0.043256044,0.052560687,0.03835708,0.061398864,0.054008484,0.03878802,0.043866873,0.085501134,0.07663202,0.0635519,0.04045117,0.036621153,0.061153233,0.01249814,0.02958107,0.055210054,0.016548991,0.025011957,0.016756892,0.022171795,0.016039193,0.009925067,0.022856534,0.015500665,0.053440988,0.01415199,0.027446687,0.016668737,0.07763654,0.03882593,0.03266704,0.024628222,0.038803518,0.11279702,0.020135641,0.025118947,0.035322428,0.059003413,0.078959644,0.06533563,0.030055702,0.031304598,0.042163253,0.040038288,0.092388034,0.02203077,0.013474345,0.043911755,0.25589746,0.03814739,0.019521534,0.02974534,0.027417183,0.02994442,0.056984067,0.082558036,0.02757132,0.02962166,0.046999335,0.025674522,0.019109428,0.09137529,0.012984276,0.23902845,0.07245588,0.026357174,0.053150177,0.04540968,0.03407681,0.02125001,0.029227614,0.04853469,0.085817456,0.039028704,0.1251415,0.012533605,0.04333955,0.01176095
G5EGB6,0.025746226,0.10302478,0.15710652,0.07012099,0.03701186,0.030977666,0.02311021,0.07276982,0.03740239,0.023570478,0.16039026,0.09062058,0.017788231,0.057049215,0.039521575,0.036852837,0.037388384,0.021640837,0.030401707,0.076325595,0.023533225,0.05966556,0.019158483,0.0496068,0.02663654,0.036462247,0.022856057,0.023485303,0.037891507,0.03404361,0.020273387,0.028279006,0.062500834,0.22399908,0.025495648,0.028203309,0.39250684,0.022557557,0.02450353,0.026439428,0.050159156,0.025016546,0.036328673,0.036088407,0.0,0.065754235,0.02966106,0.18916333,0.10563922,0.047534645,0.017468333,0.028358936,0.051320374,0.029416084,0.018219769,0.028344095,0.03409207,0.027349412,0.02800268,0.027474105,0.023847222,0.022352695,0.022417605,0.022833347,0.027464926,0.027596653,0.033121884,0.029810667,0.044118285,0.021874845,0.018752933,0.01895535,0.019677877,0.056322753,0.027028203,0.028887153,0.07330835,0.07070792,0.061715186,0.012686968,0.039049685,0.08795428,0.08511108,0.03707385,0.02504778,0.02313459,0.050398946,0.037079036,0.018571258,0.077675164,0.03921449,0.06696534,0.054159045,0.01765436,0.040337384,0.036740363,0.022648156,0.025461376,0.08773959,0.056884646,0.035062194,0.046376824,0.12629545,0.08964783,0.059622765,0.0337376,0.025755465,0.13996458,0.01849699,0.02492708,0.03076911,0.05628544,0.04078883,0.07137644,0.02846384,0.026987493,0.026805818,0.07002747,0.095605016,0.03257507,0.039100766,0.02657944,0.25212514,0.03027296,0.05160153,0.04204148,0.015572667,0.028863251,0.08868116,0.13233405,0.025029063,0.02583611,0.027550578,0.024640143,0.029388368,0.101812184,0.031367123,0.2658388,0.09677905,0.025274932,0.032695174,0.04783398,0.04918015,0.04174465,0.029387355,0.025460064,0.08744162,0.039811194,0.13866997,0.04387772,0.021443546,0.025866926
H9G343,0.05053848,0.09815413,0.19076264,0.053593576,0.045229435,0.039959013,0.06253958,0.045644462,0.062114418,0.055383027,0.110517085,0.11590862,0.04417932,0.020185292,0.029476166,0.065446734,0.07156032,0.045374095,0.047080874,0.10429186,0.040933967,0.012365699,0.0603168,0.07399154,0.075939,0.07526088,0.0562827,0.063471556,0.08853865,0.052220106,0.0651992,0.073608875,0.11343086,0.19422984,0.05235815,0.06872296,0.40935564,0.057428837,0.05309403,0.059336722,0.04272437,0.054879904,0.04999119,0.027968049,0.065754235,0.0,0.04994321,0.17039502,0.12417364,0.024846196,0.058576107,0.061989844,0.06196475,0.056833208,0.06749427,0.051053047,0.053058267,0.067409396,0.057700813,0.06158352,0.05942321,0.05759287,0.047857285,0.047250688,0.04172492,0.08519977,0.094051,0.065030396,0.09074348,0.077279925,0.058722794,0.055818915,0.0516755,0.057917476,0.056578994,0.066916764,0.055137098,0.09072709,0.08672184,0.06563187,0.05741006,0.09387547,0.08911818,0.0730654,0.057766736,0.055419326,0.065699875,0.03524685,0.055248618,0.052814186,0.03636217,0.018916786,0.01710254,0.043192685,0.028994143,0.043012798,0.04050207,0.037014544,0.037783504,0.017520368,0.045126617,0.038757324,0.09514308,0.06378722,0.05614227,0.055651486,0.060799778,0.13236517,0.039855897,0.050800204,0.05860877,0.07657087,0.08643103,0.07437104,0.048951328,0.059332788,0.058997393,0.07089776,0.11690247,0.045690835,0.026268959,0.05880177,0.26680523,0.052092254,0.01657641,0.05143243,0.05707872,0.044772685,0.05061102,0.070773184,0.048586965,0.048651397,0.05987376,0.049486876,0.046493053,0.097958386,0.033091724,0.26612037,0.08047938,0.04319364,0.06857711,0.05881548,0.05585271,0.024488986,0.053301215,0.06278467,0.10367066,0.05542469,0.1495173,0.030042052,0.07778394,0.038231134
O17824,0.034054518,0.106132865,0.16299331,0.06689042,0.04012847,0.022063673,0.026411116,0.05939114,0.03035736,0.028245568,0.15095603,0.09940183,0.028668106,0.032792747,0.043838322,0.04653144,0.051379144,0.027899563,0.036716163,0.08870691,0.026079595,0.044614673,0.026154697,0.069755375,0.03183204,0.043364108,0.028303087,0.03147,0.056212544,0.04697615,0.027997792,0.048059225,0.08844513,0.19675231,0.030388236,0.056201577,0.40440023,0.036141574,0.039816856,0.031132877,0.050367773,0.023560286,0.038193107,0.03503406,0.02966106,0.04994321,0.0,0.2016632,0.11338019,0.033420563,0.025286674,0.034674823,0.06198728,0.03521645,0.031448722,0.023176908,0.031652868,0.044377744,0.040114462,0.041020155,0.040118992,0.033230603,0.029698908,0.032559037,0.03383398,0.050079823,0.050724268,0.037811697,0.056108057,0.040927887,0.032416582,0.032225072,0.024261475,0.05623269,0.034701824,0.04000646,0.06424856,0.08474898,0.07681042,0.026794255,0.051160574,0.10225558,0.08124095,0.05303198,0.04090774,0.038031757,0.058574915,0.033189237,0.018306613,0.07406998,0.049048483,0.04820794,0.043745935,0.019183874,0.035060465,0.033062577,0.025755107,0.033108354,0.06508261,0.048931003,0.035187066,0.040013492,0.094249725,0.08322179,0.062097132,0.049444914,0.020852923,0.13911545,0.01875484,0.034220755,0.03982073,0.051391542,0.056631207,0.07200515,0.023942709,0.034340203,0.026916146,0.06411648,0.09626031,0.037486613,0.037102997,0.033420146,0.2641515,0.039890707,0.048279583,0.04124093,0.028725326,0.031780362,0.0797565,0.118424,0.034672022,0.034310937,0.03135866,0.030848801,0.037166297,0.104495645,0.03613764,0.29319572,0.097169936,0.028460026,0.039316595,0.044283807,0.060753882,0.03319961,0.029642045,0.034373343,0.09499431,0.042796373,0.14198661,0.040573657,0.024741828,0.030567646
O42145,0.16849107,0.14487028,0.29353905,0.16518116,0.17316538,0.1922096,0.1942653,0.20050484,0.20060736,0.16783702,0.2148056,0.20638925,0.16116607,0.18198663,0.1589365,0.18528783,0.18719947,0.171619,0.16624767,0.19909441,0.17865187,0.17328787,0.17256021,0.11864883,0.19393802,0.20143998,0.17931062,0.17950392,0.22394264,0.16400862,0.18753499,0.20878237,0.2392748,0.30156285,0.17541462,0.1799764,0.2831009,0.18180698,0.1748274,0.1874606,0.16008991,0.18475121,0.16998243,0.15976804,0.18916333,0.17039502,0.2016632,0.0,0.19881117,0.18842894,0.18115371,0.19188255,0.18337452,0.18210167,0.19510633,0.188474,0.18601519,0.18888319,0.18694079,0.18811929,0.17803258,0.18461287,0.16995984,0.16362745,0.16283846,0.19949263,0.21087539,0.20267081,0.21367615,0.19720292,0.17859751,0.17251742,0.18122363,0.17993748,0.18779188,0.20227629,0.18620175,0.17495465,0.17352742,0.19454402,0.19312072,0.18796295,0.17795736,0.19214362,0.17436594,0.17318183,0.18849832,0.17053396,0.19140506,0.19887447,0.16362232,0.17540002,0.1718111,0.18191254,0.17685807,0.16877925,0.17781365,0.16342872,0.21724546,0.16864932,0.178146,0.17162508,0.23667872,0.19314945,0.16096526,0.15732092,0.19951838,0.14776409,0.1843152,0.16873544,0.18115783,0.19647509,0.21777117,0.20757598,0.18177003,0.15979218,0.18749857,0.15647477,0.14263934,0.17838168,0.17039186,0.1938554,0.23697603,0.17821097,0.16577,0.17268223,0.17364609,0.16822338,0.17955971,0.18851542,0.1742872,0.17661428,0.1967721,0.17208683,0.16191345,0.22269082,0.16595685,0.17688066,0.18999213,0.16689193,0.20394707,0.19222677,0.16185468,0.17727709,0.18673837,0.20172727,0.15786803,0.18236375,0.20583051,0.16735208,0.2012667,0.16489065
O47431,0.09594065,0.1190024,0.20588851,0.12169433,0.1105572,0.10879195,0.09868389,0.12975991,0.10416311,0.09598833,0.19486952,0.041005135,0.096238494,0.12382823,0.10866976,0.089126706,0.09267676,0.096374094,0.10336125,0.089289606,0.1023581,0.122876704,0.082601905,0.0991593,0.10119963,0.088059306,0.08800304,0.09592754,0.123262465,0.10637218,0.09583843,0.11593032,0.1433081,0.24115509,0.091323495,0.09569359,0.43281478,0.08637124,0.08875543,0.096463084,0.09667981,0.08408898,0.10171604,0.09996086,0.10563922,0.12417364,0.11338019,0.19881117,0.0,0.11195445,0.08883095,0.0973739,0.105318844,0.097276926,0.09582424,0.09911996,0.10294193,0.090350986,0.09093124,0.09360248,0.09447223,0.09140289,0.08949405,0.093611,0.09403527,0.10420287,0.11396152,0.11645156,0.11437434,0.10612321,0.093547046,0.09008551,0.09631753,0.1114611,0.10622293,0.11136645,0.11545324,0.13802588,0.1294083,0.099175274,0.11640358,0.13391048,0.16545826,0.09393114,0.092029035,0.0896858,0.10439813,0.106339335,0.10167873,0.11090183,0.11324614,0.12039971,0.111889124,0.08996147,0.118950546,0.1042096,0.1030336,0.08889544,0.14722717,0.11440754,0.11360872,0.10238564,0.15943402,0.14768422,0.10875082,0.09614551,0.09859127,0.2003749,0.08998883,0.099624276,0.099357486,0.10882598,0.11775756,0.11504251,0.08642793,0.08517182,0.0883984,0.1314233,0.1606726,0.10774398,0.102745,0.1003319,0.28369617,0.0933072,0.12613267,0.11062467,0.09221059,0.09573537,0.15311426,0.1997596,0.089490294,0.088896036,0.097053826,0.089826226,0.08660954,0.16013992,0.0956462,0.23946846,0.17515647,0.09336382,0.106989086,0.09710771,0.108278215,0.10486007,0.08740044,0.11230904,0.11143237,0.09729105,0.20948118,0.097539306,0.102995396,0.09670031
O62089,0.041471303,0.082078636,0.1911841,0.04651183,0.030655742,0.028327465,0.046949983,0.037352026,0.038066626,0.034160376,0.10537034,0.10110229,0.031270325,0.015581727,0.026851773,0.05652386,0.062263787,0.024785042,0.035489738,0.083755076,0.016085148,0.021993041,0.040834725,0.06579691,0.052452564,0.056450486,0.03432399,0.046595395,0.077582955,0.046239257,0.05202812,0.062294662,0.108848155,0.16726959,0.026003003,0.058302402,0.41168404,0.048661053,0.047526896,0.047944903,0.03249085,0.03988862,0.03415239,0.019858181,0.047534645,0.024846196,0.033420563,0.18842894,0.11195445,0.0,0.03510666,0.052392066,0.06031394,0.048898995,0.05375594,0.037629724,0.043989778,0.063034534,0.051198244,0.055947304,0.05760306,0.05006832,0.036355197,0.034514666,0.03145808,0.074361265,0.083925426,0.05290079,0.06477457,0.062401593,0.051947236,0.050235093,0.04076904,0.055237412,0.046562016,0.05347866,0.03643495,0.090108216,0.08275193,0.045713365,0.03882259,0.08414495,0.082006395,0.07092184,0.05082059,0.047854125,0.065464914,0.0136922,0.028318524,0.04639703,0.02295369,0.023487091,0.013378561,0.023232937,0.014513612,0.021121442,0.015778124,0.019353926,0.041737974,0.015032768,0.025563955,0.015641749,0.06624061,0.04200262,0.043774545,0.039598107,0.03665942,0.122647464,0.020204782,0.034013927,0.0461424,0.06975335,0.081596255,0.044097006,0.035736144,0.040516436,0.044602334,0.0527007,0.11146736,0.021071136,0.015907288,0.04999435,0.2681203,0.043670774,0.022074223,0.036633074,0.034450054,0.03760904,0.05189997,0.07853651,0.03516555,0.035670757,0.05054736,0.041449606,0.031132579,0.08031601,0.01689899,0.2626176,0.06559503,0.033392727,0.0491212,0.042388856,0.044332862,0.0116432905,0.026354015,0.049466312,0.084635794,0.042415857,0.13748163,0.020370603,0.048917294,0.022448063
O76629,0.02600354,0.08588159,0.17810082,0.06581652,0.033056617,0.03460002,0.021382272,0.07683247,0.025447488,0.011751831,0.15327609,0.07550925,0.015395224,0.04797566,0.031573772,0.032599747,0.03824687,0.008756757,0.02473861,0.06934661,0.02185285,0.05283296,0.018283367,0.05115068,0.011720538,0.031142175,0.0153928995,0.021045864,0.051835418,0.03572792,0.020190537,0.04078245,0.086520016,0.19369894,0.010635436,0.038606882,0.40523225,0.028885186,0.026042819,0.028450549,0.041211486,0.01971507,0.03947413,0.025583506,0.017468333,0.058576107,0.025286674,0.18115371,0.08883095,0.03510666,0.0,0.028940022,0.05597049,0.030411541,0.024791181,0.024736524,0.029681802,0.034655094,0.028920889,0.032991648,0.03435594,0.029163182,0.018599272,0.021164477,0.021284819,0.039885283,0.046853065,0.038627505,0.03807485,0.032957673,0.024537623,0.024215579,0.011901736,0.050336957,0.03633231,0.038994968,0.05449426,0.07795602,0.06664562,0.010594964,0.044456422,0.095014155,0.0922063,0.0436517,0.032128394,0.02887988,0.054905355,0.024024308,0.021208107,0.068204224,0.034950137,0.0483225,0.04420066,0.011847615,0.034053147,0.020190477,0.021222591,0.016257882,0.0791558,0.045460284,0.029309988,0.027842283,0.10569483,0.06858194,0.04746151,0.027513862,0.017907321,0.1348185,0.011786342,0.019563437,0.024376094,0.045111418,0.058030725,0.06273544,0.019089878,0.01563245,0.019492984,0.053263664,0.08927888,0.02294749,0.03299558,0.0295071,0.24935532,0.03382641,0.04559511,0.04673624,0.013998449,0.026639938,0.09532535,0.122275054,0.02006805,0.019800127,0.032138526,0.022009492,0.017842293,0.0981127,0.023218274,0.2664079,0.091407,0.021986008,0.031058013,0.031942546,0.04446733,0.031643093,0.018281937,0.0336411,0.08163124,0.030157208,0.14275569,0.031282842,0.019233584,0.018196225
O93548,0.018396199,0.12365675,0.15397775,0.0684548,0.03930545,0.02578473,0.018389761,0.08262026,0.04013568,0.039774,0.14558017,0.067555666,0.03099829,0.06375569,0.04331249,0.018744111,0.022264123,0.033465147,0.03400445,0.06846261,0.03329754,0.06636965,0.030991971,0.061133802,0.034730196,0.024981618,0.017868578,0.029869199,0.03235358,0.03188336,0.016413331,0.023282707,0.04376501,0.20425808,0.0309574,0.023252845,0.4079361,0.017207265,0.010722458,0.010737836,0.05394399,0.01229465,0.048469424,0.045982182,0.028358936,0.061989844,0.034674823,0.19188255,0.0973739,0.052392066,0.028940022,0.0,0.030560791,0.010276973,0.009505093,0.011498928,0.014220476,0.012676954,0.007935703,0.008930147,0.013055086,0.013464153,0.012567759,0.0222134,0.02256155,0.030293286,0.030092478,0.0150360465,0.06822592,0.023729384,0.010655999,0.014938295,0.016413808,0.038508713,0.011402726,0.016116798,0.08131343,0.07930201,0.07351166,0.019750774,0.047938466,0.08623725,0.11836016,0.017550051,0.015563607,0.015134275,0.026074111,0.044608176,0.032036245,0.07414037,0.048222065,0.06890768,0.061416566,0.021287322,0.045693994,0.052412987,0.033321857,0.0436334,0.10355848,0.07261431,0.042586446,0.056445003,0.12036139,0.10156363,0.061514556,0.043973923,0.023513615,0.16285253,0.026186526,0.03372079,0.030638337,0.023784518,0.017042458,0.06990129,0.021281123,0.0292328,0.02076161,0.08727449,0.10850227,0.04940021,0.055315375,0.009369969,0.24569577,0.012455225,0.060690045,0.05916363,0.019788265,0.021854699,0.094935,0.13293749,0.009544492,0.008629262,0.009586334,0.011253536,0.029353678,0.0955621,0.047601163,0.28667992,0.1238054,0.019112468,0.030994833,0.043485403,0.05305767,0.042814195,0.04249227,0.013484061,0.07763994,0.03300649,0.15896142,0.04455501,0.040816188,0.037338078
P01942,0.028462648,0.13973558,0.1659112,0.06497455,0.0492543,0.02989328,0.036476076,0.08842486,0.06307244,0.06331259,0.12684822,0.09050888,0.05311328,0.08361262,0.04994577,0.023010671,0.023524284,0.05473697,0.041936636,0.08550537,0.053019285,0.0768317,0.03984964,0.06065297,0.06384653,0.042083025,0.03164971,0.053046107,0.03343314,0.037484646,0.038704157,0.02478379,0.041613996,0.20943052,0.052074254,0.024141252,0.42388058,0.022634327,0.019933462,0.02071917,0.04514903,0.027497888,0.053741753,0.055596232,0.051320374,0.06196475,0.06198728,0.18337452,0.105318844,0.06031394,0.05597049,0.030560791,0.0,0.01632905,0.025331676,0.024675786,0.020322084,0.018716872,0.014928937,0.01575476,0.017606437,0.022732854,0.027295947,0.03246796,0.030316949,0.035122633,0.04098481,0.02744776,0.09154844,0.03322488,0.023750365,0.027466297,0.038054526,0.021263123,0.024936378,0.028352678,0.09087777,0.06633294,0.059848487,0.051826775,0.05581957,0.07498491,0.12171459,0.016573608,0.0144149065,0.0163638,0.0039691925,0.054555953,0.053912938,0.083750725,0.05003822,0.08596921,0.062506914,0.046932817,0.05938685,0.06820893,0.05348164,0.056242943,0.10605639,0.07419604,0.05562216,0.0654583,0.13312393,0.10598898,0.06537163,0.047744274,0.044828117,0.16760868,0.046458483,0.047366083,0.039760947,0.04107064,0.029055834,0.093737364,0.03596592,0.053828657,0.037432134,0.09668273,0.12908447,0.0646407,0.06849861,0.020759344,0.2686109,0.010653377,0.06551266,0.061387062,0.03723663,0.027802587,0.07805824,0.14789903,0.033182144,0.031200886,0.02414304,0.023874879,0.034523845,0.12078607,0.057028413,0.28894597,0.1383599,0.029011488,0.05975151,0.047296643,0.047683,0.044362485,0.063438416,0.02798748,0.08725828,0.037163317,0.16166419,0.050222576,0.06561935,0.052592397
P01994,0.017313778,0.1200766,0.1588391,0.060114145,0.041499376,0.022699594,0.018276453,0.07767111,0.036976278,0.03939855,0.14206803,0.076898694,0.03091377,0.06202519,0.042734683,0.01442939,0.01671958,0.031856596,0.027613342,0.075006425,0.030783832,0.06300092,0.025891244,0.051192462,0.03520441,0.023716867,0.015126109,0.031588316,0.029856324,0.030629754,0.01847285,0.019614697,0.04374969,0.19015837,0.0313254,0.02117902,0.4093485,0.010945916,0.008287907,0.008625567,0.046317875,0.01012671,0.042744756,0.042506576,0.029416084,0.056833208,0.03521645,0.18210167,0.097276926,0.048898995,0.030411541,0.010276973,0.01632905,0.0,0.011532307,0.010084093,0.009300351,0.012250006,0.0057399273,0.006540954,0.01095289,0.011749685,0.01191324,0.019963264,0.021308064,0.022469282,0.025781453,0.018852651,0.065980494,0.018449545,0.009939671,0.012681961,0.015364885,0.03136301,0.017704904,0.020853281,0.07495844,0.06897563,0.059634626,0.024211884,0.04134345,0.075850785,0.10322952,0.01349479,0.009845734,0.009793341,0.014489591,0.040900588,0.032111406,0.07218033,0.042073905,0.06750494,0.052938044,0.023622334,0.043821752,0.0491035,0.031183064,0.041090846,0.095519364,0.06550813,0.039259493,0.052093625,0.123805285,0.09415907,0.059127033,0.039684355,0.02257049,0.15241832,0.024015665,0.031314433,0.03106451,0.03254336,0.019624293,0.07532257,0.021005273,0.028689623,0.017628074,0.08317804,0.10493028,0.043128014,0.05120325,0.008302331,0.24699706,0.008485675,0.053262055,0.05035293,0.02262026,0.022360861,0.08276105,0.13936651,0.01572162,0.015034854,0.009395003,0.010603309,0.024131894,0.10042775,0.041834176,0.2859524,0.12290043,0.019833624,0.032778263,0.037984908,0.048801124,0.038651705,0.039679706,0.017392457,0.077509224,0.031756997,0.1470626,0.038379967,0.03963232,0.033122003
P02001,0.021533608,0.12632263,0.14454484,0.068434775,0.0362491,0.02635014,0.0150693655,0.07993716,0.037976444,0.038623273,0.14763343,0.07535404,0.030044198,0.06981605,0.044125378,0.018722415,0.019829094,0.03487873,0.0326038,0.06734741,0.034369767,0.06859791,0.019828796,0.058959544,0.028271675,0.021101534,0.014836073,0.028190851,0.02274084,0.03421223,0.012350738,0.017288685,0.037665486,0.20777535,0.03188914,0.020077586,0.40469748,0.010661006,0.01178056,0.0069548488,0.049312115,0.009139061,0.044332027,0.04649973,0.018219769,0.06749427,0.031448722,0.19510633,0.09582424,0.05375594,0.024791181,0.009505093,0.025331676,0.011532307,0.0,0.009798884,0.012689769,0.0065594316,0.0073002577,0.006588638,0.009939313,0.008210778,0.0141480565,0.022170782,0.025039494,0.018330693,0.01853025,0.013900816,0.05731201,0.014628351,0.007497072,0.0126110315,0.013864338,0.03401637,0.0129544735,0.014775991,0.08646041,0.07175648,0.06545222,0.014314532,0.04658836,0.086695075,0.1061483,0.011892796,0.009421885,0.0095716715,0.022059381,0.0463292,0.026101947,0.07582152,0.048068047,0.0741021,0.05957055,0.02101618,0.050135553,0.052408755,0.034319162,0.042428613,0.098130584,0.071133375,0.041889727,0.057500124,0.11989361,0.10384226,0.061194837,0.036895573,0.019501567,0.15800601,0.025148451,0.03188145,0.025403738,0.02646494,0.01657492,0.07780546,0.01964575,0.028440058,0.017263174,0.087271154,0.10335475,0.049752057,0.053355694,0.008478045,0.25064385,0.010751188,0.06099385,0.051757157,0.014469266,0.021245241,0.08623272,0.13849455,0.01776886,0.016347766,0.009472191,0.013063312,0.026819944,0.11024755,0.04375112,0.2826445,0.11843467,0.01951158,0.030425489,0.037848055,0.05004084,0.042615294,0.03852445,0.01188153,0.08215433,0.029025495,0.15201646,0.046465218,0.03065008,0.036770225
P02007,0.018450737,0.11112952,0.1671511,0.064426064,0.037813246,0.02237004,0.015307188,0.069232285,0.028950632,0.03426093,0.1369183,0.078660846,0.026174903,0.05333686,0.038938344,0.022759736,0.025952637,0.027569652,0.031985402,0.06891173,0.027459681,0.05635196,0.020826817,0.060021818,0.03160304,0.030507445,0.014089763,0.029833734,0.033496976,0.03420371,0.019481957,0.025524795,0.054726005,0.19713026,0.02447021,0.029296577,0.40959185,0.012684643,0.0150069,0.0056948066,0.04246539,0.006047249,0.041001618,0.038476586,0.028344095,0.051053047,0.023176908,0.188474,0.09911996,0.037629724,0.024736524,0.011498928,0.024675786,0.010084093,0.009798884,0.0,0.0043275952,0.017517865,0.011075199,0.0117326975,0.015478849,0.010966599,0.010684907,0.016900897,0.017686963,0.030785024,0.03269422,0.014359951,0.0598951,0.02195555,0.012850404,0.016515791,0.010022521,0.027404368,0.01258558,0.017007828,0.07155818,0.075503945,0.06983334,0.020975709,0.04310131,0.08218205,0.09952068,0.02215594,0.013899803,0.013038218,0.023479939,0.034238636,0.025941253,0.07092899,0.038747847,0.05895108,0.048003793,0.017588615,0.04004228,0.040121496,0.027416766,0.03643471,0.085991085,0.05770284,0.034019053,0.039945304,0.10760349,0.09080082,0.051012456,0.03461522,0.013368905,0.15234923,0.017706156,0.0291875,0.024650395,0.027297735,0.025995731,0.06393814,0.0129057765,0.026806593,0.01340729,0.07509565,0.10005009,0.037507176,0.04244721,0.009144247,0.2493974,0.008105934,0.050062776,0.04679346,0.018029273,0.020100355,0.08044094,0.12779629,0.015605211,0.014443934,0.007424295,0.009955704,0.020252585,0.09583491,0.03821343,0.2856595,0.10745883,0.017753005,0.03140056,0.026451051,0.044175863,0.03378266,0.029080212,0.012890756,0.08049089,0.02270192,0.14743954,0.03455913,0.032390714,0.02920562
P02008,0.019179821,0.11513215,0.16826206,0.068491995,0.04280734,0.025103569,0.017722666,0.07811582,0.03532076,0.039133728,0.13471591,0.079693794,0.029887855,0.05973041,0.04179442,0.02204448,0.024840534,0.031835794,0.03254503,0.07501364,0.034044325,0.06237036,0.022858262,0.059179664,0.034689844,0.030447245,0.012505472,0.03321588,0.035362363,0.033198237,0.017559469,0.026034415,0.053207934,0.18978071,0.028674424,0.028865099,0.41119373,0.015127599,0.016028821,0.0060189366,0.04379958,0.009315908,0.046832025,0.04141122,0.03409207,0.053058267,0.031652868,0.18601519,0.10294193,0.043989778,0.029681802,0.014220476,0.020322084,0.009300351,0.012689769,0.0043275952,0.0,0.01766634,0.010149598,0.010984957,0.016671002,0.014945626,0.012774646,0.021042526,0.020519257,0.033702254,0.033868432,0.01501292,0.0704056,0.026003182,0.01438272,0.018502533,0.010689855,0.024311006,0.014308572,0.018592596,0.07918972,0.078317046,0.070920765,0.027085662,0.05329871,0.08799082,0.11118966,0.019506156,0.012594402,0.012710452,0.018260717,0.038027108,0.033953905,0.07288414,0.04377222,0.06127906,0.04952079,0.024295628,0.046441793,0.04763663,0.034145296,0.042492867,0.09122139,0.06165397,0.03856671,0.04663682,0.1173175,0.09443617,0.050684333,0.03725189,0.01827091,0.15478927,0.024216533,0.032131612,0.028247356,0.0250988,0.027782321,0.075672925,0.016188204,0.031125009,0.017061412,0.080849946,0.10392487,0.046717882,0.04834503,0.010278344,0.25699502,0.008419812,0.051627576,0.052376926,0.023531139,0.021690488,0.08418423,0.13174736,0.018024981,0.016145825,0.009942055,0.01205045,0.02051413,0.105748236,0.04218799,0.28679985,0.11722809,0.019301355,0.040014267,0.029249966,0.042797923,0.03632766,0.04118043,0.014495909,0.08412546,0.024546921,0.15379238,0.035300136,0.04335457,0.03203273
P02042,0.024954796,0.13551944,0.14447445,0.06888664,0.042131722,0.027366102,0.02181089,0.08780837,0.049433053,0.0485276,0.14645809,0.076286554,0.038762033,0.0786857,0.047300875,0.012962282,0.013866007,0.04367435,0.035806537,0.07017642,0.04198736,0.07318336,0.026764393,0.058255076,0.040023386,0.022822559,0.019909918,0.038166583,0.021248698,0.03527552,0.01733023,0.015972435,0.032336235,0.21329474,0.040900588,0.014857054,0.41257715,0.010995805,0.009123862,0.011644363,0.052797675,0.01466167,0.052304983,0.05389738,0.027349412,0.067409396,0.044377744,0.18888319,0.090350986,0.063034534,0.034655094,0.012676954,0.018716872,0.012250006,0.0065594316,0.017517865,0.01766634,0.0,0.004544735,0.0036883354,0.007382214,0.008046091,0.017252266,0.026437223,0.027360797,0.021084428,0.022646189,0.019143283,0.0692389,0.019916654,0.009119928,0.0134295225,0.02325362,0.032238185,0.017515242,0.019447446,0.093197465,0.07135844,0.06543684,0.02322781,0.05172831,0.08513892,0.11809754,0.0022331476,0.007811129,0.008512497,0.014775574,0.055011928,0.037862122,0.08215046,0.05128014,0.08467537,0.06615907,0.029947698,0.056147873,0.06290674,0.042341173,0.048421323,0.11068201,0.07778776,0.05284816,0.06480312,0.13847762,0.111430764,0.067275286,0.043266892,0.030009389,0.16942751,0.034674644,0.03792107,0.028130889,0.027614653,0.014656246,0.08601463,0.024128616,0.036691964,0.024065852,0.096731305,0.11234206,0.05828792,0.063850164,0.011618137,0.2505778,0.012337804,0.067681074,0.06106019,0.021216929,0.02270192,0.08769047,0.14705801,0.020950675,0.01815617,0.013051748,0.015138626,0.031170309,0.11806512,0.052519202,0.28512734,0.13023424,0.022271812,0.039600074,0.042100787,0.055307746,0.04711187,0.049145103,0.017624497,0.08299202,0.0322963,0.16689408,0.05133307,0.045885682,0.043069243
P02088,0.018487275,0.12679327,0.1502837,0.062865496,0.040276766,0.024151623,0.0176242,0.08058566,0.04290831,0.042116404,0.13935685,0.07195437,0.03350562,0.068694115,0.04016435,0.012255907,0.01440531,0.03296089,0.029237628,0.06891048,0.033640206,0.06639111,0.025812626,0.055876315,0.035638213,0.02231288,0.015636742,0.034631073,0.021731317,0.030136287,0.01662141,0.013008952,0.034359694,0.2035361,0.032629848,0.015022993,0.41045916,0.007977724,0.004669428,0.007335782,0.04627353,0.009641945,0.04741037,0.043016613,0.02800268,0.057700813,0.040114462,0.18694079,0.09093124,0.051198244,0.028920889,0.007935703,0.014928937,0.0057399273,0.0073002577,0.011075199,0.010149598,0.004544735,0.0,0.0011560321,0.006417632,0.006681919,0.01113677,0.01968664,0.019732058,0.020199776,0.023795366,0.01479882,0.06537384,0.016800404,0.006358981,0.010712147,0.015293956,0.027918935,0.014022529,0.015695035,0.08147365,0.069678545,0.062365115,0.020688295,0.046197414,0.07939029,0.10958785,0.0069607496,0.0062788725,0.00640738,0.01322794,0.04326445,0.03414619,0.07561189,0.041635513,0.07230836,0.056193948,0.023455322,0.045933485,0.052606583,0.033947527,0.041920245,0.099410295,0.06659031,0.042517006,0.05426973,0.13004267,0.09859002,0.05784315,0.03797424,0.022876382,0.16425419,0.026539326,0.031477273,0.025552332,0.02713275,0.015898824,0.077830315,0.017580092,0.030639172,0.018832803,0.0875687,0.106913865,0.04723096,0.054920852,0.0063269734,0.24428022,0.0068084598,0.056566894,0.05561316,0.019630194,0.02070576,0.08402634,0.13620323,0.0137091875,0.011978447,0.007813275,0.008932412,0.022402287,0.107020676,0.044816256,0.2852031,0.12565774,0.01924634,0.035046518,0.03689444,0.048820853,0.03848344,0.04211563,0.013121426,0.07692182,0.02847886,0.16286713,0.04117465,0.042374074,0.03517586
P02089,0.01948458,0.13140452,0.14806491,0.06847155,0.04433757,0.024701118,0.017675757,0.083013356,0.044706583,0.045786798,0.14440608,0.075178266,0.034566402,0.07187897,0.04551238,0.012843847,0.013623357,0.037053466,0.031674385,0.07064968,0.036278665,0.071023524,0.025565922,0.055684447,0.03725809,0.022743583,0.016893685,0.03467375,0.019236445,0.031939983,0.01612264,0.012131572,0.030451477,0.21234256,0.036225975,0.014818072,0.4100281,0.0063165426,0.005879104,0.0065549016,0.050340056,0.00960207,0.048496664,0.048043847,0.027474105,0.06158352,0.041020155,0.18811929,0.09360248,0.055947304,0.032991648,0.008930147,0.01575476,0.006540954,0.006588638,0.0117326975,0.010984957,0.0036883354,0.0011560321,0.0,0.0046316385,0.0059093237,0.013020158,0.020939887,0.022341967,0.016367972,0.01931864,0.014264405,0.06943542,0.0139347315,0.0058820248,0.010106742,0.017876387,0.030993938,0.013552129,0.014962733,0.08875388,0.06968415,0.06267434,0.021913588,0.049358785,0.08026725,0.10917652,0.0052142143,0.00494349,0.0055356026,0.013712645,0.04742396,0.034288168,0.08072448,0.046483576,0.07808745,0.06001979,0.02568245,0.049849033,0.05808425,0.036455214,0.044984937,0.10276276,0.071736395,0.043892562,0.05926907,0.1379044,0.107182324,0.061950624,0.040828645,0.023381233,0.16834956,0.029295564,0.03291589,0.028751075,0.0318349,0.013475299,0.08142626,0.01946491,0.033064485,0.018297434,0.09365702,0.10802525,0.051534593,0.058763385,0.0070078373,0.24568748,0.007756591,0.061344802,0.056539595,0.021515846,0.021803677,0.0873912,0.14272523,0.016377807,0.014789283,0.0065499544,0.010520101,0.02546084,0.11165482,0.047963977,0.28656024,0.12927538,0.02044195,0.034279346,0.040228426,0.05279678,0.043031752,0.044414937,0.012945831,0.07935083,0.031543374,0.1659652,0.044852912,0.04262519,0.038699925
P02100,0.016749263,0.12647182,0.147497,0.069769084,0.043195724,0.025950849,0.020971775,0.07841319,0.051152527,0.04008758,0.14939111,0.07709974,0.029018223,0.06873423,0.04033965,0.016490042,0.015686333,0.035735667,0.03330463,0.07447457,0.035096228,0.068445385,0.024587274,0.048853636,0.03952706,0.030012846,0.021537721,0.03222412,0.022146761,0.02814883,0.018743873,0.014854133,0.031831503,0.22873789,0.03838086,0.014798701,0.40171713,0.006535709,0.005384445,0.009388208,0.04776776,0.011418939,0.04220742,0.04195136,0.023847222,0.05942321,0.040118992,0.17803258,0.09447223,0.05760306,0.03435594,0.013055086,0.017606437,0.01095289,0.009939313,0.015478849,0.016671002,0.007382214,0.006417632,0.0046316385,0.0,0.004116833,0.013167918,0.015903294,0.019287646,0.0145908,0.01787585,0.01602006,0.07033777,0.012016892,0.0035154223,0.0055707693,0.019487858,0.035239518,0.012383699,0.01563859,0.08722317,0.05830705,0.052675962,0.024098694,0.048959732,0.0778234,0.102587104,0.010311365,0.0038731098,0.004053116,0.01689601,0.045639098,0.030892015,0.08084518,0.04351014,0.076619506,0.058241904,0.025528431,0.048241317,0.053153038,0.03478223,0.040573955,0.09832007,0.067919195,0.04213631,0.059020042,0.13635862,0.106551945,0.0595721,0.037816644,0.026863694,0.16171855,0.030185401,0.030517817,0.03203219,0.038646936,0.018289447,0.08181983,0.021183193,0.034459114,0.021682382,0.08689457,0.10891765,0.049433947,0.05628425,0.01083976,0.24852747,0.008819103,0.060795248,0.049448907,0.020947635,0.020638406,0.08600819,0.13783556,0.016997933,0.017192304,0.008920193,0.009484172,0.02539134,0.11118382,0.045684338,0.27780277,0.12254834,0.019435108,0.037332952,0.048097312,0.052253902,0.043000102,0.043961108,0.014854372,0.0816018,0.03717518,0.15762806,0.044501305,0.040086687,0.036926508
P02104,0.018472731,0.12128317,0.14774644,0.06644249,0.04047686,0.026317775,0.01748091,0.07178432,0.04367709,0.036732376,0.14725035,0.07728374,0.028944433,0.06431639,0.03843522,0.017719388,0.018045545,0.033730924,0.034038484,0.070854485,0.028636038,0.06271148,0.020650744,0.05300784,0.035456,0.028985739,0.0195598,0.034493446,0.02443552,0.031695902,0.01933229,0.016646981,0.039931893,0.22125107,0.03496027,0.018281221,0.40439343,0.005340755,0.0074774027,0.008431852,0.044993818,0.0071793795,0.04273522,0.04021454,0.022352695,0.05759287,0.033230603,0.18461287,0.09140289,0.05006832,0.029163182,0.013464153,0.022732854,0.011749685,0.008210778,0.010966599,0.014945626,0.008046091,0.006681919,0.0059093237,0.004116833,0.0,0.011828065,0.014864683,0.018542886,0.017330527,0.021562934,0.018242598,0.059559166,0.01234436,0.0038815737,0.006278217,0.016489863,0.033003032,0.015401542,0.017946362,0.08245832,0.06163037,0.05652517,0.01943469,0.045313656,0.080833495,0.0972901,0.012686849,0.006106496,0.0053625107,0.021809697,0.04062599,0.027057767,0.08048934,0.03992766,0.07153171,0.05619061,0.020147562,0.046253443,0.046824276,0.028669238,0.037599027,0.09298545,0.06323677,0.04141897,0.051998675,0.12727559,0.102681935,0.05512154,0.03489554,0.019754231,0.15879798,0.023601532,0.030315459,0.027001023,0.03457141,0.019551158,0.0735721,0.013710797,0.029116988,0.017686367,0.080100894,0.10539353,0.04513246,0.048672915,0.010865331,0.24604529,0.009262502,0.057370126,0.047824144,0.017628372,0.022427082,0.08235341,0.13279045,0.018461525,0.017846823,0.008701503,0.009311378,0.021588862,0.11202276,0.043679655,0.2804734,0.11354387,0.02088511,0.038113534,0.03883779,0.050561666,0.039907873,0.034965932,0.015891612,0.07955313,0.03205347,0.15429872,0.042908907,0.032785714,0.03236121
P02112,0.009243727,0.09277278,0.17726856,0.050400853,0.025251448,0.025107801,0.016279757,0.06690949,0.028345525,0.022402823,0.12097597,0.07259601,0.017224908,0.046993613,0.024780035,0.018773139,0.023431659,0.016196072,0.021870196,0.06479108,0.021615267,0.04813105,0.019627213,0.04433,0.030146003,0.032485664,0.014027178,0.022015333,0.044379115,0.020020902,0.021248698,0.028665602,0.06787598,0.17888367,0.015355885,0.023652077,0.40067434,0.014631331,0.007637143,0.015039146,0.028858185,0.00890255,0.03478527,0.023957789,0.022417605,0.047857285,0.029698908,0.16995984,0.08949405,0.036355197,0.018599272,0.012567759,0.027295947,0.01191324,0.0141480565,0.010684907,0.012774646,0.017252266,0.01113677,0.013020158,0.013167918,0.011828065,0.0,0.0047268867,0.004503906,0.031673193,0.0398587,0.027519166,0.061541498,0.024915278,0.009152114,0.008965194,0.0095002055,0.02272588,0.019711792,0.02923137,0.060278773,0.057786465,0.05192858,0.018345475,0.034053385,0.078644514,0.098596394,0.023337066,0.0134910345,0.011740565,0.027695239,0.023228884,0.025849044,0.0657295,0.021926284,0.050041437,0.040612996,0.01471436,0.027237833,0.027919292,0.021336019,0.026016712,0.09375733,0.048287988,0.026046574,0.027992785,0.10371262,0.0700258,0.037980676,0.01796192,0.021515846,0.1389243,0.016037583,0.018131375,0.01598692,0.025125325,0.03613323,0.06049019,0.0142198205,0.020656765,0.02001071,0.060321927,0.09214544,0.027070343,0.031125128,0.014931679,0.24726897,0.011422038,0.039236963,0.040463507,0.009695172,0.013688445,0.07567704,0.11901188,0.0062761307,0.006143391,0.016613007,0.0014331341,0.009830952,0.087011635,0.023191154,0.2608267,0.09735656,0.011166036,0.027821064,0.026241124,0.03233266,0.031993747,0.024500668,0.024308503,0.07642853,0.01789993,0.13682956,0.02012974,0.03317523,0.016023815
P02127,0.010625362,0.08473033,0.18404996,0.058921456,0.028909862,0.030712605,0.023618639,0.06436682,0.038579106,0.018668234,0.13097686,0.08206284,0.013752699,0.04492551,0.02081126,0.023011863,0.02583468,0.014689624,0.024809003,0.072128475,0.020520091,0.047632456,0.0216735,0.04231316,0.034899116,0.04380703,0.02021873,0.026119351,0.05234754,0.01754874,0.029076219,0.035267353,0.07587206,0.20162123,0.018826127,0.02892822,0.39493847,0.018475652,0.011558592,0.02093786,0.030183613,0.013762534,0.03280008,0.020697892,0.022833347,0.047250688,0.032559037,0.16362745,0.093611,0.034514666,0.021164477,0.0222134,0.03246796,0.019963264,0.022170782,0.016900897,0.021042526,0.026437223,0.01968664,0.020939887,0.015903294,0.014864683,0.0047268867,0.0,0.0024985075,0.035737097,0.046215832,0.033017933,0.06290537,0.02768439,0.012289107,0.00951165,0.015790999,0.02999705,0.023198962,0.033220172,0.06201154,0.046367645,0.041555822,0.022170126,0.038195193,0.07268095,0.088501096,0.03263122,0.016909301,0.014809668,0.034348726,0.021069467,0.026164174,0.06925762,0.018683672,0.051164865,0.04016173,0.017756522,0.02729261,0.02333659,0.019691706,0.021122694,0.09082657,0.04388374,0.023685396,0.02397573,0.109911025,0.069992185,0.03689021,0.016446292,0.026786089,0.13361263,0.018746316,0.017024696,0.023608506,0.039608717,0.048155367,0.057043314,0.016358435,0.025217831,0.025765955,0.050691843,0.09251827,0.025040925,0.030014098,0.024312198,0.2503314,0.016397774,0.039566755,0.037537575,0.012449086,0.017444253,0.07897258,0.11641765,0.0113966465,0.012696862,0.023814142,0.006202221,0.00975275,0.0841074,0.022271812,0.25051135,0.08940899,0.014038563,0.034270167,0.03612137,0.034872413,0.03272617,0.023615777,0.02940017,0.07516205,0.027781844,0.13359976,0.022631943,0.034523487,0.01598084
P02128,0.009788871,0.08093214,0.19044352,0.053539455,0.025755465,0.028313756,0.023459256,0.06763786,0.035488546,0.021109998,0.119050086,0.0800693,0.016076326,0.04308027,0.01793325,0.023347676,0.028580725,0.014192998,0.023424506,0.07089096,0.022875428,0.04410225,0.02550745,0.04469776,0.037446618,0.044971228,0.020967245,0.028705,0.053240955,0.015055954,0.030884743,0.035593867,0.079664946,0.19386888,0.017020226,0.030458927,0.40007508,0.022650778,0.013177693,0.023997664,0.02677387,0.016869307,0.03771478,0.018759131,0.027464926,0.04172492,0.03383398,0.16283846,0.09403527,0.03145808,0.021284819,0.02256155,0.030316949,0.021308064,0.025039494,0.017686963,0.020519257,0.027360797,0.019732058,0.022341967,0.019287646,0.018542886,0.004503906,0.0024985075,0.0,0.043045104,0.053965986,0.03427607,0.06576258,0.034715474,0.015935004,0.013348818,0.01602757,0.02347517,0.024656236,0.035182774,0.057550788,0.050878406,0.046176076,0.024714768,0.037548244,0.07453251,0.096603334,0.03363812,0.020042837,0.018020451,0.032984257,0.018271863,0.030632496,0.06894785,0.01671505,0.0471161,0.038261175,0.018651128,0.023257554,0.022021651,0.022102952,0.020539284,0.08992034,0.041590452,0.023894668,0.019945025,0.107836306,0.06528568,0.03198874,0.016335428,0.028187573,0.13147414,0.018427193,0.01690793,0.019558668,0.035705626,0.05011475,0.05687356,0.016925335,0.026007473,0.027266145,0.050469816,0.09258348,0.024332643,0.028890848,0.02420187,0.24970639,0.01776421,0.03610915,0.043144584,0.01335144,0.013935149,0.07590932,0.11197728,0.009861827,0.00967741,0.026010334,0.0060907006,0.009570658,0.08328712,0.022168875,0.24792612,0.088282466,0.011588991,0.03676039,0.029535592,0.029368997,0.02914381,0.026238203,0.030827463,0.07730609,0.021103501,0.13331252,0.018102288,0.040138006,0.014191866
P02144,0.030643582,0.14960313,0.1472668,0.083783984,0.058522165,0.038853526,0.025175035,0.09162003,0.05065775,0.04916358,0.1753735,0.08854717,0.042434752,0.08487129,0.06471938,0.03354752,0.030680299,0.04594475,0.042987347,0.085006595,0.043877423,0.08984971,0.027607083,0.052321553,0.03806722,0.025348663,0.030342162,0.035416365,0.01744026,0.05034113,0.02611494,0.01704377,0.033455193,0.23543239,0.045606256,0.021146178,0.4134525,0.011183798,0.020587087,0.021606088,0.06340587,0.020981431,0.046020865,0.060123026,0.027596653,0.08519977,0.050079823,0.19949263,0.10420287,0.074361265,0.039885283,0.030293286,0.035122633,0.022469282,0.018330693,0.030785024,0.033702254,0.021084428,0.020199776,0.016367972,0.0145908,0.017330527,0.031673193,0.035737097,0.043045104,0.0,0.005669713,0.029881477,0.07152021,0.0028746128,0.01564145,0.018818617,0.03198433,0.061204433,0.03056407,0.028119028,0.10002279,0.07815981,0.06702793,0.029575884,0.05415547,0.09708941,0.096254766,0.023716569,0.0150184035,0.014866471,0.037883997,0.05618745,0.03201902,0.098786294,0.06418413,0.09473169,0.07274479,0.032536566,0.06328392,0.06507212,0.043762565,0.051802337,0.10206133,0.08413023,0.04527366,0.07561821,0.15173167,0.12710655,0.08070552,0.05105853,0.029884696,0.18163973,0.038246036,0.038348854,0.04604578,0.06655079,0.02418518,0.10167712,0.033055842,0.03776455,0.022870958,0.1083889,0.117045105,0.05654025,0.068462014,0.021856189,0.24841326,0.02725035,0.07883829,0.053042114,0.03216642,0.03662646,0.10346246,0.16343218,0.036060333,0.03739637,0.017843664,0.027706027,0.039804876,0.13895887,0.05309093,0.30532897,0.14260042,0.03507197,0.036441743,0.058880687,0.07305342,0.056741357,0.045874715,0.027948916,0.0951131,0.053560197,0.1739695,0.060612798,0.032280445,0.051095903
P02197,0.0395301,0.1623519,0.14268786,0.10071945,0.068259,0.043962777,0.032943666,0.10679567,0.063218236,0.059086442,0.19404179,0.0933184,0.049611688,0.09343648,0.07468891,0.036581933,0.032271147,0.055937707,0.053465724,0.09130889,0.053973675,0.09998381,0.034095228,0.06419921,0.041654706,0.028778672,0.03346646,0.042354584,0.015168369,0.058983922,0.022832453,0.01847899,0.024586678,0.24408406,0.05731833,0.027550817,0.42151552,0.018074393,0.027584195,0.01981771,0.080791175,0.022852004,0.057462394,0.07075381,0.033121884,0.094051,0.050724268,0.21087539,0.11396152,0.083925426,0.046853065,0.030092478,0.04098481,0.025781453,0.01853025,0.03269422,0.033868432,0.022646189,0.023795366,0.01931864,0.01787585,0.021562934,0.0398587,0.046215832,0.053965986,0.005669713,0.0,0.025376737,0.079842806,0.007522106,0.019029796,0.024970591,0.036186695,0.07185006,0.027789116,0.024128973,0.11613089,0.093803644,0.082229614,0.032737195,0.06928438,0.109814525,0.11281037,0.025405347,0.019212365,0.019934416,0.039375603,0.06849456,0.03492397,0.10376823,0.081361115,0.10097778,0.08276546,0.038057685,0.07608962,0.07704443,0.05365002,0.06342751,0.10783094,0.09736556,0.056253314,0.0906378,0.15491718,0.14260215,0.09396303,0.06815183,0.034778714,0.19202411,0.04511547,0.053752124,0.06229037,0.06482804,0.021761954,0.11064869,0.04108566,0.046417475,0.029639542,0.12168932,0.13177037,0.07287389,0.08190107,0.022455812,0.2583812,0.03113991,0.09287804,0.06634647,0.041816294,0.04707551,0.11856282,0.16916096,0.04160732,0.042692184,0.01845938,0.03447795,0.053870857,0.14981878,0.06581622,0.32089168,0.15699136,0.04426962,0.043524623,0.07435274,0.08551574,0.063990295,0.057894528,0.024912179,0.10319883,0.067436695,0.18286747,0.072051704,0.0425092,0.061980903
P02208,0.029085934,0.13537335,0.15074277,0.08498609,0.053056657,0.026398897,0.026948512,0.08478373,0.053454757,0.04878992,0.15605819,0.084863186,0.038336277,0.071198106,0.051264584,0.030003011,0.028894544,0.04187268,0.042579412,0.080572546,0.037824094,0.076398194,0.034153283,0.06790733,0.04555148,0.03278488,0.022877336,0.043055296,0.018693507,0.040179133,0.018988967,0.015323043,0.02556771,0.22763383,0.042123556,0.023345709,0.40987313,0.019092262,0.021178067,0.009831965,0.06361437,0.019763768,0.052600205,0.052847862,0.029810667,0.065030396,0.037811697,0.20267081,0.11645156,0.05290079,0.038627505,0.0150360465,0.02744776,0.018852651,0.013900816,0.014359951,0.01501292,0.019143283,0.01479882,0.014264405,0.01602006,0.018242598,0.027519166,0.033017933,0.03427607,0.029881477,0.025376737,0.0,0.07235688,0.021496713,0.01789862,0.024502575,0.024062753,0.050004005,0.0040175915,0.0013391376,0.09639168,0.092540026,0.0855397,0.027029514,0.060373366,0.09311032,0.11594963,0.023551285,0.015455663,0.016465902,0.024120808,0.050228715,0.0329414,0.082810044,0.05643344,0.07906544,0.06375325,0.028169274,0.054166615,0.06096357,0.03751284,0.050281107,0.0914644,0.07453722,0.04744953,0.06421369,0.1351977,0.1157822,0.072265685,0.056086063,0.024408758,0.1731658,0.032568812,0.04172814,0.04464352,0.043891728,0.018482745,0.08038336,0.029007733,0.04352629,0.027407527,0.09911567,0.11961883,0.057216883,0.06525147,0.011567056,0.25539684,0.01503551,0.06680632,0.061349034,0.02853483,0.031158924,0.09533179,0.13720793,0.022416472,0.02155298,0.010294676,0.024450421,0.039279997,0.114076614,0.057131946,0.29629672,0.13270128,0.028372288,0.043860078,0.054442763,0.06377059,0.040167093,0.055423558,0.0004760623,0.085297525,0.0452978,0.17325151,0.0559327,0.047457695,0.04603839
P02762,0.07130873,0.11428225,0.17986375,0.0803166,0.06789988,0.06377441,0.055657506,0.08927059,0.05684948,0.05018282,0.18134063,0.101982534,0.05731845,0.08367634,0.07182646,0.075354755,0.07940543,0.052507102,0.065353274,0.08941603,0.048090816,0.08291644,0.053628504,0.085449755,0.046485066,0.0661602,0.053747892,0.06158179,0.07998866,0.079720676,0.055472493,0.07039237,0.10610163,0.2244001,0.05069685,0.067159116,0.41681314,0.062010586,0.06417298,0.061030746,0.07201034,0.05997312,0.069610536,0.06406844,0.044118285,0.09074348,0.056108057,0.21367615,0.11437434,0.06477457,0.03807485,0.06822592,0.09154844,0.065980494,0.05731201,0.0598951,0.0704056,0.0692389,0.06537384,0.06943542,0.07033777,0.059559166,0.061541498,0.06290537,0.06576258,0.07152021,0.079842806,0.07235688,0.0,0.06397331,0.060777783,0.06253505,0.04878503,0.087914884,0.07323283,0.0695439,0.07382232,0.11623651,0.104870856,0.042234063,0.052028418,0.07639748,0.08952296,0.07863116,0.06846154,0.06564152,0.090696335,0.06120068,0.053052187,0.094588876,0.064645946,0.08701259,0.078084946,0.047235847,0.06738019,0.058231354,0.048040092,0.048839033,0.10219556,0.0747183,0.072740555,0.06770432,0.13224965,0.097596765,0.07215357,0.06373966,0.04776001,0.14629513,0.045675576,0.057910025,0.054957807,0.08510554,0.08465135,0.07423675,0.056453764,0.052107573,0.053585112,0.07634014,0.12330729,0.052338243,0.067617655,0.0643478,0.25918114,0.06684524,0.073910296,0.069407046,0.049057424,0.06844026,0.10686755,0.15636134,0.06367153,0.063385606,0.06699413,0.06660491,0.055161655,0.09347719,0.06038046,0.2757464,0.10565871,0.06473845,0.060807288,0.06496769,0.06626552,0.069292784,0.052863717,0.06690121,0.09636468,0.06513476,0.1433897,0.073349774,0.04394406,0.055159986
P04247,0.024315417,0.13968414,0.14957178,0.08017284,0.052462697,0.031991184,0.019056201,0.08519441,0.0442456,0.040376723,0.16888654,0.08756983,0.03522384,0.07499248,0.057427883,0.030953288,0.02859366,0.036672115,0.039346695,0.08252704,0.03384596,0.082429886,0.023875117,0.052199006,0.03341961,0.02539128,0.023424268,0.031746387,0.015940607,0.04248345,0.021355331,0.013499856,0.033202887,0.22926074,0.037448585,0.018643439,0.4064805,0.009137213,0.017344594,0.015118659,0.059093237,0.01546669,0.041949928,0.052214682,0.021874845,0.077279925,0.040927887,0.19720292,0.10612321,0.062401593,0.032957673,0.023729384,0.03322488,0.018449545,0.014628351,0.02195555,0.026003182,0.019916654,0.016800404,0.0139347315,0.012016892,0.01234436,0.024915278,0.02768439,0.034715474,0.0028746128,0.007522106,0.021496713,0.06397331,0.0,0.0116686225,0.0150181055,0.025531113,0.05614364,0.022396207,0.020412982,0.091602445,0.07302827,0.06334609,0.022446513,0.04675007,0.09191185,0.09244037,0.023961484,0.012273073,0.011594176,0.035755515,0.04556769,0.02422899,0.09521747,0.05519867,0.08529627,0.066266716,0.023682117,0.053587437,0.055378914,0.03356272,0.043843746,0.096558034,0.07580453,0.037983954,0.06508231,0.14255387,0.11748552,0.073830545,0.04664409,0.021105587,0.17324936,0.028959274,0.03306985,0.041056573,0.059835196,0.019985914,0.08931482,0.026560128,0.03278303,0.018803418,0.096503854,0.11191058,0.04841113,0.059559464,0.016295016,0.24572212,0.02151388,0.07122719,0.049118817,0.025365531,0.032232583,0.09932691,0.15157014,0.02799809,0.029633462,0.012496412,0.022103071,0.033167064,0.12821966,0.04751563,0.30194205,0.13223743,0.029616356,0.03179413,0.053453267,0.06659418,0.047804356,0.038817942,0.019626796,0.089550495,0.047954977,0.1680829,0.05378455,0.0264076,0.04345143
P04443,0.012776613,0.11789465,0.15201938,0.06561351,0.03737676,0.026025057,0.014973223,0.07676047,0.04243368,0.031318784,0.15044737,0.075077176,0.023455977,0.062271416,0.036585093,0.017688274,0.018265069,0.027841926,0.026823997,0.07422316,0.029119432,0.063097715,0.018570483,0.04705113,0.028554738,0.026126623,0.0151203275,0.025353372,0.026933849,0.023851693,0.013116121,0.016545713,0.041122615,0.21539694,0.029782236,0.017420769,0.3992473,0.007696092,0.005889058,0.008866191,0.044407368,0.007768452,0.03999245,0.035092413,0.018752933,0.058722794,0.032416582,0.17859751,0.093547046,0.051947236,0.024537623,0.010655999,0.023750365,0.009939671,0.007497072,0.012850404,0.01438272,0.009119928,0.006358981,0.0058820248,0.0035154223,0.0038815737,0.009152114,0.012289107,0.015935004,0.01564145,0.019029796,0.01789862,0.060777783,0.0116686225,0.0,0.0020548701,0.012633026,0.032552123,0.0136371255,0.01800859,0.08192402,0.055593014,0.0489918,0.016090274,0.045838833,0.08217043,0.09773928,0.013341606,0.005678892,0.0048199296,0.022770107,0.038587928,0.02453816,0.077399194,0.040572047,0.0684157,0.05393958,0.019317567,0.04337138,0.044138014,0.028796673,0.035289824,0.09431285,0.062386513,0.036449492,0.052102625,0.12782216,0.09772289,0.05585444,0.0312711,0.02086389,0.15186805,0.023399591,0.02552706,0.026255846,0.03248334,0.022138596,0.07937634,0.014826655,0.024473011,0.018139005,0.075304806,0.09876907,0.044303417,0.047680676,0.010315657,0.24674743,0.009885609,0.05541706,0.046102464,0.015315294,0.019499123,0.087010026,0.13284737,0.014649689,0.014673948,0.010073066,0.006999016,0.019768655,0.10951221,0.03870803,0.27636743,0.11153966,0.0170573,0.03440219,0.041698396,0.04922217,0.040418208,0.036231756,0.015599906,0.08083117,0.032227635,0.14831996,0.039700508,0.03085506,0.029917657
P04444,0.010376036,0.11000997,0.15631491,0.06450963,0.03729725,0.02728945,0.015501738,0.07242125,0.04107535,0.02637726,0.15042526,0.074011326,0.019483209,0.05712843,0.033322632,0.019482076,0.020605326,0.025689185,0.02615881,0.07490361,0.027477205,0.05858624,0.018361807,0.042925,0.028223574,0.028133214,0.01671803,0.023061872,0.03504294,0.018996775,0.015972316,0.02217555,0.051878393,0.21523881,0.028070807,0.019616902,0.3960902,0.009049475,0.0071685314,0.0141865015,0.041414738,0.010004938,0.03788054,0.031410992,0.01895535,0.055818915,0.032225072,0.17251742,0.09008551,0.050235093,0.024215579,0.014938295,0.027466297,0.012681961,0.0126110315,0.016515791,0.018502533,0.0134295225,0.010712147,0.010106742,0.0055707693,0.006278217,0.008965194,0.00951165,0.013348818,0.018818617,0.024970591,0.024502575,0.06253505,0.0150181055,0.0020548701,0.0,0.014198005,0.0332039,0.018154502,0.024476528,0.07739818,0.045655966,0.038936496,0.018677413,0.04555762,0.08107835,0.09453869,0.017587662,0.0075276494,0.0060127378,0.02774185,0.03544092,0.026136458,0.07545787,0.037697732,0.064397335,0.050593197,0.019177794,0.04139632,0.03996855,0.027094126,0.031237066,0.09099811,0.057444215,0.034255266,0.047096908,0.12824613,0.094923794,0.0517568,0.027395487,0.022167563,0.14446199,0.022560894,0.021997929,0.02563715,0.03818071,0.029203832,0.07535744,0.013628662,0.023451865,0.018624961,0.06856078,0.09581095,0.04055077,0.042776406,0.01580596,0.24882162,0.014120281,0.051240206,0.0432415,0.015554965,0.018676817,0.085817754,0.13168895,0.01520437,0.015671134,0.014095366,0.007571757,0.01753807,0.105909705,0.034381986,0.26995087,0.10370457,0.016128778,0.036049843,0.040587544,0.047216117,0.039875865,0.03373444,0.021679044,0.081658244,0.032032847,0.14205074,0.036579967,0.029406786,0.02640307
P06467,0.018378437,0.09794438,0.17371291,0.062253118,0.036099494,0.03006357,0.015627384,0.06909108,0.02518028,0.021545827,0.14272279,0.07416028,0.016352952,0.051233947,0.03152436,0.028997421,0.033366024,0.016282737,0.025228083,0.07218832,0.026072025,0.05251211,0.019722998,0.052737355,0.019677818,0.030658126,0.013823152,0.021433234,0.043777168,0.03078109,0.016009867,0.031065643,0.068697155,0.18965167,0.017560363,0.032211423,0.40542793,0.017202616,0.015021026,0.013504803,0.038194478,0.011113882,0.040133238,0.026521325,0.019677877,0.0516755,0.024261475,0.18122363,0.09631753,0.04076904,0.011901736,0.016413808,0.038054526,0.015364885,0.013864338,0.010022521,0.010689855,0.02325362,0.015293956,0.017876387,0.019487858,0.016489863,0.0095002055,0.015790999,0.01602757,0.03198433,0.036186695,0.024062753,0.04878503,0.025531113,0.012633026,0.014198005,0.0,0.033735693,0.022385657,0.026718676,0.06372845,0.07342827,0.06497389,0.013916135,0.045597374,0.092875004,0.09546518,0.030362606,0.019179106,0.017027974,0.036741078,0.030076563,0.026848435,0.06494063,0.033709288,0.050207198,0.04361552,0.015664935,0.036567807,0.030564547,0.025668085,0.029262185,0.082463026,0.049840033,0.032287955,0.036689162,0.11079943,0.07927418,0.044104695,0.026067376,0.0160653,0.14263982,0.01414305,0.021713674,0.019522607,0.031203628,0.039933085,0.07072431,0.013805866,0.018012583,0.01468873,0.066577375,0.088716865,0.029682934,0.035233557,0.014698863,0.24540174,0.016593456,0.04108137,0.044159472,0.015969992,0.021057308,0.084394634,0.122995794,0.014335334,0.013969779,0.016201377,0.009757757,0.013852119,0.09708935,0.029546022,0.2741605,0.10013449,0.017932236,0.03239858,0.026537716,0.04011035,0.035794497,0.027264178,0.02083689,0.086524546,0.022479355,0.14504129,0.02827251,0.027501822,0.018360257
P09105,0.028260946,0.121284306,0.1944555,0.05159849,0.03697282,0.03921199,0.033569634,0.0847826,0.048068583,0.056143105,0.098982096,0.09401327,0.051323652,0.07593763,0.042798996,0.037783682,0.0446496,0.051415205,0.041277945,0.09194803,0.057331264,0.06338805,0.037724733,0.069818676,0.058020234,0.05645573,0.034460843,0.050612032,0.066878736,0.035457134,0.04649043,0.050433755,0.09120381,0.18833518,0.04238224,0.04480499,0.4308719,0.037667394,0.032352805,0.035498798,0.029628456,0.03388524,0.0604617,0.045867145,0.056322753,0.057917476,0.05623269,0.17993748,0.1114611,0.055237412,0.050336957,0.038508713,0.021263123,0.03136301,0.03401637,0.027404368,0.024311006,0.032238185,0.027918935,0.030993938,0.035239518,0.033003032,0.02272588,0.02999705,0.02347517,0.061204433,0.07185006,0.050004005,0.087914884,0.05614364,0.032552123,0.0332039,0.033735693,0.0,0.04156035,0.053525448,0.08295566,0.06165576,0.057359517,0.054216623,0.05814755,0.09262717,0.12477064,0.033545375,0.030385554,0.030498803,0.026155114,0.04634434,0.060859263,0.08821374,0.041068792,0.07024133,0.057778955,0.048398197,0.05411017,0.05661595,0.05761075,0.055024445,0.11308366,0.06394762,0.057169497,0.048808396,0.11382413,0.088440955,0.044751167,0.029868007,0.044887245,0.15643567,0.043890238,0.04301381,0.019102156,0.024531841,0.055243075,0.0950461,0.029184341,0.04821229,0.041415334,0.07573956,0.11413926,0.062214732,0.052665353,0.034358382,0.27894908,0.022560418,0.05280894,0.06222433,0.031562567,0.02412039,0.070411146,0.13273096,0.037014425,0.03266418,0.040869415,0.023737073,0.024760723,0.11755687,0.049116313,0.2780311,0.10903746,0.026789248,0.06751883,0.023329198,0.028562725,0.049776137,0.05831039,0.048110187,0.103331566,0.013680935,0.14875501,0.037898064,0.063464105,0.041803896
P09967,0.019719005,0.121802926,0.15428096,0.07489669,0.04189706,0.023887038,0.025290072,0.07474208,0.05067551,0.04121095,0.14408612,0.07660192,0.02939415,0.06094116,0.03997439,0.02774012,0.027671218,0.036444128,0.037039876,0.076478064,0.03257078,0.06469065,0.02939409,0.057364047,0.043557942,0.032179177,0.020447612,0.034017086,0.025163114,0.030034304,0.018841922,0.018471062,0.03257686,0.21777803,0.03558594,0.019695222,0.404158,0.016943038,0.016456544,0.009951949,0.052300274,0.016618788,0.042766333,0.043256044,0.027028203,0.056578994,0.034701824,0.18779188,0.10622293,0.046562016,0.03633231,0.011402726,0.024936378,0.017704904,0.0129544735,0.01258558,0.014308572,0.017515242,0.014022529,0.013552129,0.012383699,0.015401542,0.019711792,0.023198962,0.024656236,0.03056407,0.027789116,0.0040175915,0.07323283,0.022396207,0.0136371255,0.018154502,0.022385657,0.04156035,0.0,0.0038591623,0.086467326,0.07953179,0.073659,0.027611196,0.052710414,0.08496076,0.11335921,0.022937119,0.012450397,0.012753069,0.023248076,0.042532563,0.02897054,0.073753476,0.046304822,0.0681659,0.055951536,0.023620427,0.04639715,0.05134189,0.032155275,0.043220878,0.08814818,0.06538874,0.040338516,0.05393231,0.11927652,0.104263425,0.059286714,0.044307172,0.02531892,0.16177624,0.02842325,0.035333097,0.038402557,0.035603046,0.020368218,0.06882113,0.0237419,0.03651637,0.026727557,0.0879249,0.11669439,0.051078558,0.053694904,0.0122100115,0.25943124,0.011704624,0.05838275,0.05204296,0.02216208,0.023272455,0.087387085,0.12690657,0.015286565,0.015192986,0.010192335,0.017332554,0.03223169,0.10067248,0.046384573,0.2811337,0.11918628,0.020478666,0.040548086,0.050004482,0.052119136,0.035381854,0.04736322,0.0040555596,0.07939345,0.038512588,0.15968907,0.04561442,0.046016455,0.037785888
P09968,0.029262066,0.13434511,0.14838165,0.08576614,0.05383444,0.027717173,0.028139293,0.08343148,0.05664426,0.04807222,0.15868801,0.08020723,0.0378927,0.072926044,0.05104035,0.03058058,0.028784275,0.042107046,0.043002486,0.07839644,0.037659407,0.07745689,0.033668578,0.06610739,0.04562044,0.031762064,0.02403295,0.04241252,0.016928613,0.039951265,0.01978916,0.013884425,0.022443175,0.23268425,0.04261142,0.020326972,0.41019934,0.017940223,0.021053016,0.010840774,0.06351864,0.02066493,0.050780833,0.052560687,0.028887153,0.066916764,0.04000646,0.20227629,0.11136645,0.05347866,0.038994968,0.016116798,0.028352678,0.020853281,0.014775991,0.017007828,0.018592596,0.019447446,0.015695035,0.014962733,0.01563859,0.017946362,0.02923137,0.033220172,0.035182774,0.028119028,0.024128973,0.0013391376,0.0695439,0.020412982,0.01800859,0.024476528,0.026718676,0.053525448,0.0038591623,0.0,0.095377624,0.090770125,0.08339822,0.028139532,0.059980452,0.08869594,0.11544168,0.02420348,0.01492393,0.015725195,0.02547878,0.05061716,0.03200656,0.08315408,0.056501687,0.081256926,0.065506876,0.028061688,0.055609286,0.060370147,0.037408352,0.048548937,0.09011662,0.073706925,0.04848653,0.06423646,0.13567281,0.116618276,0.07001799,0.05603838,0.025267601,0.17382276,0.03259653,0.042093158,0.046405673,0.047028482,0.018164814,0.07629454,0.028838992,0.042696893,0.0276407,0.099753916,0.122418344,0.057819188,0.06549871,0.012608945,0.25790358,0.015792727,0.0690251,0.060251653,0.02877587,0.032589853,0.0976066,0.14032859,0.022870004,0.022440374,0.0104035735,0.025942922,0.03935182,0.111818194,0.056907237,0.2929513,0.13407743,0.029522419,0.04530531,0.05765444,0.0627439,0.040789545,0.05409926,0.0014548302,0.08146232,0.048223317,0.17362267,0.057100058,0.047353625,0.04622668
P0DM64,0.064695895,0.08721197,0.195625,0.040219307,0.04578525,0.05375415,0.068129,0.055121005,0.053431213,0.048776984,0.10483289,0.10488933,0.053858817,0.039148867,0.04929948,0.086138785,0.09631133,0.043998778,0.05598867,0.09605849,0.040540338,0.04467559,0.06584257,0.07087183,0.06751251,0.07247937,0.06119746,0.059557498,0.11574477,0.07373607,0.08129501,0.098801315,0.1504069,0.14077371,0.042181194,0.08034158,0.41978192,0.07834822,0.06989026,0.085294425,0.04056096,0.074052215,0.046447814,0.03835708,0.07330835,0.055137098,0.06424856,0.18620175,0.11545324,0.03643495,0.05449426,0.08131343,0.09087777,0.07495844,0.08646041,0.07155818,0.07918972,0.093197465,0.08147365,0.08875388,0.08722317,0.08245832,0.060278773,0.06201154,0.057550788,0.10002279,0.11613089,0.09639168,0.07382232,0.091602445,0.08192402,0.07739818,0.06372845,0.08295566,0.086467326,0.095377624,0.0,0.11663568,0.10532081,0.07821798,0.044493794,0.08113426,0.10476822,0.10075879,0.08298105,0.07766533,0.10010207,0.03866142,0.062082946,0.05602038,0.03902912,0.049458683,0.039352298,0.048748434,0.034320414,0.03717923,0.041291952,0.0401628,0.070792615,0.038239717,0.05515182,0.039429963,0.07141858,0.03417325,0.055283666,0.057653487,0.0653435,0.11152762,0.04696417,0.04814744,0.059592307,0.09482318,0.111961484,0.067822754,0.0667004,0.058568478,0.06919855,0.06647074,0.12668216,0.031137884,0.03799641,0.083032966,0.2688353,0.07690936,0.039339006,0.047693968,0.059724748,0.057543516,0.0657267,0.10515773,0.05776596,0.060346663,0.08311713,0.066007614,0.05196923,0.07879144,0.037130237,0.25389093,0.09199178,0.055297136,0.07196355,0.06301087,0.0532192,0.039556682,0.050237954,0.092145085,0.09819418,0.06260687,0.12560898,0.039121985,0.0681237,0.046059906
P20244,0.05177456,0.13687414,0.21014625,0.09151447,0.07584256,0.07597798,0.065496504,0.10785407,0.09807062,0.06402898,0.16983813,0.13457179,0.066576004,0.10111159,0.06639683,0.070963025,0.07204306,0.07078475,0.07181096,0.13801616,0.08091891,0.09200311,0.06872606,0.09011251,0.0836333,0.09335661,0.07231957,0.07359791,0.10223919,0.039393663,0.07764393,0.081035495,0.123101234,0.25665504,0.07890707,0.074297726,0.38469595,0.066551864,0.060938537,0.07601273,0.06889701,0.06835979,0.0762279,0.061398864,0.07070792,0.09072709,0.08474898,0.17495465,0.13802588,0.090108216,0.07795602,0.07930201,0.06633294,0.06897563,0.07175648,0.075503945,0.078317046,0.07135844,0.069678545,0.06968415,0.05830705,0.06163037,0.057786465,0.046367645,0.050878406,0.07815981,0.093803644,0.092540026,0.11623651,0.07302827,0.055593014,0.045655966,0.07342827,0.06165576,0.07953179,0.090770125,0.11663568,0.0,0.0037568212,0.07854688,0.08946234,0.10221952,0.115718305,0.07485956,0.058978796,0.056670427,0.07394242,0.071545064,0.07919037,0.12844676,0.07138693,0.10217941,0.089463115,0.07518631,0.080515265,0.076361656,0.08008313,0.06831151,0.1371879,0.08341551,0.07863206,0.08199215,0.1598503,0.12355882,0.081950784,0.0628373,0.080741644,0.15151387,0.07405841,0.06757659,0.06765616,0.09213829,0.09590894,0.12389827,0.0632056,0.08023405,0.07814962,0.07848412,0.12504172,0.088891804,0.07674885,0.07633394,0.2917828,0.0659309,0.08634251,0.08029735,0.062981725,0.062403202,0.110800445,0.15664095,0.07176697,0.07348317,0.07856339,0.0580768,0.057536423,0.14740539,0.07279801,0.26422524,0.12053555,0.061325848,0.0969038,0.09174001,0.07338941,0.08239335,0.08211619,0.088368475,0.12226689,0.07862449,0.15282369,0.07544762,0.07843202,0.07008779
P20245,0.04484749,0.1306153,0.20423084,0.08638185,0.07019508,0.06867629,0.057484508,0.103109,0.08784062,0.054533184,0.1699614,0.124323964,0.058220208,0.09397215,0.06180328,0.06359208,0.06504583,0.061074972,0.061136246,0.13337755,0.072428346,0.08668065,0.058754325,0.077989995,0.06917179,0.08042663,0.061872542,0.062423587,0.09310424,0.03527218,0.06716913,0.07224506,0.11510587,0.24418837,0.06851667,0.065158844,0.3942715,0.05806893,0.054091096,0.06881046,0.062328815,0.06054759,0.06838447,0.054008484,0.061715186,0.08672184,0.07681042,0.17352742,0.1294083,0.08275193,0.06664562,0.07351166,0.059848487,0.059634626,0.06545222,0.06983334,0.070920765,0.06543684,0.062365115,0.06267434,0.052675962,0.05652517,0.05192858,0.041555822,0.046176076,0.06702793,0.082229614,0.0855397,0.104870856,0.06334609,0.0489918,0.038936496,0.06497389,0.057359517,0.073659,0.08339822,0.10532081,0.0037568212,0.0,0.07042509,0.08226097,0.09823221,0.10950422,0.06816441,0.05156946,0.049217105,0.06774336,0.06311035,0.07049924,0.12095243,0.06613481,0.09400022,0.08085376,0.06644791,0.07445407,0.06753194,0.07169855,0.059761703,0.12578309,0.07520932,0.07076168,0.07391167,0.15346688,0.11493951,0.07442045,0.05547464,0.070239305,0.14855361,0.06468904,0.058677316,0.06136769,0.08761102,0.089426816,0.11892229,0.055214405,0.06910092,0.06816381,0.07360399,0.12147987,0.07920545,0.06989539,0.069048226,0.29173553,0.060733795,0.07899332,0.07247263,0.055769682,0.057312906,0.10951567,0.15593892,0.06543076,0.0671922,0.07131958,0.052540243,0.049133837,0.14315766,0.06260508,0.26867998,0.11995816,0.05551815,0.08793777,0.0835349,0.066758096,0.0741961,0.07386643,0.08126521,0.11607498,0.07186133,0.14854062,0.067240775,0.06781924,0.061602235
P30627,0.02849567,0.107519746,0.16620553,0.07610595,0.039570212,0.033289135,0.020747244,0.082886875,0.03202516,0.026222348,0.16306794,0.084831655,0.023575008,0.0590384,0.04335648,0.02686137,0.029351294,0.019284606,0.032037795,0.07197046,0.025769353,0.06411874,0.02367872,0.06023568,0.02233684,0.031044066,0.01817888,0.029509902,0.03728062,0.03707528,0.015638292,0.02877909,0.06246227,0.21371347,0.023305655,0.03394288,0.39968067,0.022967815,0.02099961,0.019845426,0.055456758,0.015663445,0.04855573,0.03878802,0.012686968,0.06563187,0.026794255,0.19454402,0.099175274,0.045713365,0.010594964,0.019750774,0.051826775,0.024211884,0.014314532,0.020975709,0.027085662,0.02322781,0.020688295,0.021913588,0.024098694,0.01943469,0.018345475,0.022170126,0.024714768,0.029575884,0.032737195,0.027029514,0.042234063,0.022446513,0.016090274,0.018677413,0.013916135,0.054216623,0.027611196,0.028139532,0.07821798,0.07854688,0.07042509,0.0,0.04343617,0.09767228,0.09251964,0.0322451,0.02591014,0.024050593,0.047472775,0.03616786,0.020767152,0.07704675,0.043943465,0.0636847,0.054849207,0.014586091,0.039267838,0.038595915,0.024911404,0.028798044,0.09284109,0.060887456,0.03640783,0.045487046,0.12598848,0.09104657,0.066126764,0.039131045,0.019420683,0.15288943,0.016549766,0.027971327,0.03111595,0.045413196,0.03922361,0.07070851,0.023444474,0.02323395,0.022861004,0.0723533,0.09384823,0.035611987,0.044900894,0.020099878,0.24309146,0.028332055,0.056436896,0.05613035,0.016035974,0.030047059,0.100804925,0.13142735,0.019595027,0.018926263,0.02368337,0.020361006,0.027406454,0.10433674,0.03518504,0.27870184,0.10518825,0.025633335,0.02433747,0.04313326,0.05954349,0.040974796,0.026564002,0.022468328,0.08651453,0.038030386,0.15672946,0.042841136,0.02082634,0.029120207
P48798,0.03724438,0.10624868,0.18840855,0.03654927,0.031636596,0.03367871,0.040685177,0.06137705,0.035445333,0.046571136,0.11355579,0.10379958,0.043229282,0.04952836,0.04656595,0.05457717,0.060777426,0.037255883,0.04187733,0.07351136,0.025834858,0.051499426,0.045911193,0.054202974,0.06318128,0.05123657,0.044414937,0.041974187,0.065285265,0.048846245,0.05693668,0.05165696,0.094203115,0.16201699,0.030785263,0.041417062,0.41871804,0.044004798,0.039212286,0.05153787,0.039601147,0.044956386,0.037361503,0.043866873,0.039049685,0.05741006,0.051160574,0.19312072,0.11640358,0.03882259,0.044456422,0.047938466,0.05581957,0.04134345,0.04658836,0.04310131,0.05329871,0.05172831,0.046197414,0.049358785,0.048959732,0.045313656,0.034053385,0.038195193,0.037548244,0.05415547,0.06928438,0.060373366,0.052028418,0.04675007,0.045838833,0.04555762,0.045597374,0.05814755,0.052710414,0.059980452,0.044493794,0.08946234,0.08226097,0.04343617,0.0,0.06702852,0.083311856,0.060121834,0.048023045,0.044878185,0.06331837,0.033458054,0.03830719,0.06489295,0.030179381,0.062484384,0.047410965,0.031221867,0.025302708,0.0412848,0.026310742,0.03569752,0.09033966,0.052803755,0.033591926,0.040278435,0.094171464,0.061320305,0.064569294,0.04300219,0.04798889,0.1355257,0.029591382,0.03727001,0.03873843,0.071210325,0.059812427,0.057292998,0.047857583,0.0413512,0.047698975,0.07564443,0.120382965,0.024320781,0.037946224,0.044514656,0.25616133,0.04296297,0.044058263,0.04213327,0.034398854,0.035574257,0.061627626,0.12772667,0.03477019,0.036251545,0.049209535,0.03811288,0.040403664,0.069104254,0.03219813,0.27396876,0.0939551,0.034143865,0.028601289,0.046014488,0.050236583,0.036622524,0.03048706,0.056121707,0.09213191,0.042906284,0.12373555,0.035452783,0.044618905,0.037268758
P49141,0.07993877,0.12924653,0.18617463,0.08352959,0.08621359,0.07623112,0.08865112,0.102659345,0.107149124,0.09117371,0.1538676,0.12904197,0.08427125,0.0998956,0.08396864,0.07611108,0.07779437,0.08676833,0.08435124,0.08829337,0.07609218,0.101530254,0.08743775,0.089576125,0.105507314,0.09623748,0.084368825,0.09232998,0.10298276,0.08143401,0.09567773,0.09049475,0.11220622,0.23651737,0.085044324,0.07331556,0.39395642,0.07892853,0.07084769,0.081252456,0.079895675,0.08600402,0.08145791,0.085501134,0.08795428,0.09387547,0.10225558,0.18796295,0.13391048,0.08414495,0.095014155,0.08623725,0.07498491,0.075850785,0.086695075,0.08218205,0.08799082,0.08513892,0.07939029,0.08026725,0.0778234,0.080833495,0.078644514,0.07268095,0.07453251,0.09708941,0.109814525,0.09311032,0.07639748,0.09191185,0.08217043,0.08107835,0.092875004,0.09262717,0.08496076,0.08869594,0.08113426,0.10221952,0.09823221,0.09767228,0.06702852,0.0,0.10391253,0.08473283,0.074471235,0.074276745,0.078636706,0.08634275,0.0906741,0.10206407,0.07033217,0.11962944,0.0897423,0.08717865,0.08091766,0.09125739,0.07648635,0.072334826,0.13841665,0.09478825,0.085828304,0.08746421,0.15628123,0.101003885,0.0820778,0.0848214,0.09404987,0.130279,0.087824404,0.0809353,0.088305235,0.11259717,0.09938574,0.07849133,0.0904156,0.09567547,0.09010953,0.09277761,0.14855224,0.07868534,0.10001153,0.086880386,0.2653097,0.07111341,0.08877617,0.0838424,0.082246184,0.07810122,0.097599864,0.16454226,0.07714099,0.07859236,0.08524519,0.081551194,0.0768311,0.06492746,0.08567852,0.2517528,0.13209707,0.07549065,0.08582425,0.1020692,0.0717476,0.08762056,0.08998215,0.09158015,0.08447158,0.09498149,0.111068964,0.083429396,0.10520387,0.08909112
P61802,0.103845716,0.14203769,0.22745752,0.09026098,0.09842324,0.093818724,0.10334343,0.067626,0.10346401,0.087426186,0.17701656,0.17810762,0.08606124,0.0814479,0.09073079,0.11661172,0.11620903,0.08003193,0.08760363,0.12800509,0.07705355,0.08394718,0.08764452,0.10564405,0.10645574,0.1239633,0.10593462,0.09887713,0.12524474,0.115116954,0.109749794,0.113597035,0.1544584,0.2675225,0.09246415,0.114332974,0.33578032,0.09208107,0.10006672,0.10264242,0.090865135,0.09678483,0.07002264,0.07663202,0.08511108,0.08911818,0.08124095,0.17795736,0.16545826,0.082006395,0.0922063,0.11836016,0.12171459,0.10322952,0.1061483,0.09952068,0.11118966,0.11809754,0.10958785,0.10917652,0.102587104,0.0972901,0.098596394,0.088501096,0.096603334,0.096254766,0.11281037,0.11594963,0.08952296,0.09244037,0.09773928,0.09453869,0.09546518,0.12477064,0.11335921,0.11544168,0.10476822,0.115718305,0.10950422,0.09251964,0.083311856,0.10391253,0.0,0.12557018,0.1026541,0.09979975,0.12768143,0.08547342,0.074775696,0.10980451,0.07895714,0.10112023,0.07414347,0.085808635,0.07581788,0.08043182,0.07594895,0.07554144,0.10237318,0.07224691,0.081775546,0.087727726,0.1590606,0.112053394,0.11525756,0.09295213,0.0971427,0.13160771,0.08309275,0.08964419,0.103530824,0.1485582,0.14081526,0.1263789,0.09291476,0.10083163,0.098122,0.08287871,0.104831696,0.07259297,0.08241069,0.10627234,0.22780031,0.10158014,0.077408135,0.06316054,0.093102455,0.10320777,0.08265507,0.13003802,0.11037308,0.11370504,0.107040346,0.10035962,0.08871025,0.13233691,0.07482499,0.27804512,0.102969825,0.09968352,0.08667338,0.11396617,0.11508417,0.091994345,0.07514405,0.11044866,0.11602253,0.11556792,0.14673191,0.092324436,0.079549015,0.08532232
P68871,0.029522896,0.14723128,0.1469785,0.07536,0.05067706,0.029746294,0.025165081,0.09590465,0.05583626,0.057516158,0.14978242,0.08214837,0.047158778,0.08612114,0.05663979,0.011888444,0.012128651,0.052391827,0.039967597,0.07564795,0.05004573,0.08232701,0.031086564,0.06066835,0.04507947,0.024246156,0.022070527,0.043569982,0.024775803,0.040449083,0.02050358,0.02016896,0.033348978,0.21756619,0.047793925,0.017600358,0.42189586,0.014623404,0.012497723,0.01460129,0.0584085,0.019197643,0.057839274,0.0635519,0.03707385,0.0730654,0.05303198,0.19214362,0.09393114,0.07092184,0.0436517,0.017550051,0.016573608,0.01349479,0.011892796,0.02215594,0.019506156,0.0022331476,0.0069607496,0.0052142143,0.010311365,0.012686849,0.023337066,0.03263122,0.03363812,0.023716569,0.025405347,0.023551285,0.07863116,0.023961484,0.013341606,0.017587662,0.030362606,0.033545375,0.022937119,0.02420348,0.10075879,0.07485956,0.06816441,0.0322451,0.060121834,0.08473283,0.12557018,0.0,0.009318471,0.010836542,0.0121792555,0.063227355,0.045970738,0.087869465,0.0602206,0.09478116,0.0724448,0.03954214,0.06462717,0.074062765,0.050576866,0.05592507,0.11896539,0.08639604,0.059450746,0.07400018,0.15240991,0.119415045,0.075720966,0.05045259,0.03528434,0.17616302,0.044303596,0.04233527,0.03436619,0.03290236,0.017199397,0.096647084,0.029517949,0.04429978,0.026919305,0.10503334,0.119951546,0.0677765,0.075071454,0.015685022,0.25791156,0.015088499,0.07556212,0.06679714,0.028731644,0.026017249,0.09325576,0.15786141,0.027724624,0.024391592,0.016204655,0.02111733,0.035642028,0.1254121,0.06112969,0.2945816,0.14006692,0.025847673,0.045446873,0.04670465,0.062066615,0.054087102,0.05892402,0.022936225,0.08696264,0.037672162,0.17450291,0.05785811,0.054538906,0.052693248
P69891,0.014561653,0.12217045,0.14773214,0.06464046,0.038832188,0.024412692,0.018028378,0.07327533,0.04559064,0.03583312,0.13798332,0.073697746,0.027160287,0.06494796,0.036925018,0.01690054,0.016124427,0.034511328,0.0292387,0.07131356,0.03069079,0.064216614,0.01844269,0.044309616,0.035354435,0.022011042,0.014638901,0.02950424,0.022231877,0.024692595,0.015974581,0.014703572,0.034044087,0.21077782,0.032113492,0.009779811,0.4016152,0.0046606064,0.0061416626,0.008430064,0.04096937,0.010659158,0.03815496,0.04045117,0.02504778,0.057766736,0.04090774,0.17436594,0.092029035,0.05082059,0.032128394,0.015563607,0.0144149065,0.009845734,0.009421885,0.013899803,0.012594402,0.007811129,0.0062788725,0.00494349,0.0038731098,0.006106496,0.0134910345,0.016909301,0.020042837,0.0150184035,0.019212365,0.015455663,0.06846154,0.012273073,0.005678892,0.0075276494,0.019179106,0.030385554,0.012450397,0.01492393,0.08298105,0.058978796,0.05156946,0.02591014,0.048023045,0.074471235,0.1026541,0.009318471,0.0,0.00039595366,0.015214026,0.039713383,0.029109955,0.074848354,0.03977549,0.07210022,0.05158001,0.023773909,0.04661864,0.049600422,0.030814707,0.037404656,0.09071231,0.061927617,0.036275923,0.051859796,0.12910563,0.09973663,0.050657153,0.030190349,0.022536278,0.15523165,0.028390825,0.02579856,0.027912378,0.037044525,0.019642591,0.07684034,0.017928123,0.030052066,0.017748415,0.08419788,0.10676378,0.046605647,0.051377833,0.011466324,0.2549051,0.007805705,0.054598033,0.044476807,0.017596781,0.018226802,0.07794839,0.13674313,0.01674962,0.016468525,0.009400904,0.011770129,0.019119203,0.10954517,0.039475083,0.27553755,0.11751515,0.016478717,0.03848046,0.03911072,0.044607818,0.037519157,0.041606247,0.014543295,0.079203784,0.030677259,0.15287286,0.038846552,0.038835764,0.032407463
P69892,0.0125207305,0.118324995,0.14862818,0.061600804,0.036884665,0.023679554,0.01597023,0.069557905,0.042207062,0.031765163,0.13671792,0.07179725,0.023980439,0.061100423,0.034514427,0.017846644,0.017612636,0.030767083,0.027453005,0.07023287,0.027567744,0.060802817,0.016732812,0.04230064,0.032517135,0.020738304,0.013455451,0.02676642,0.02339083,0.022766054,0.015527487,0.015104055,0.037465453,0.2057038,0.028574169,0.00972122,0.40016395,0.0037876964,0.0053915977,0.008877516,0.03831631,0.009405196,0.035455406,0.036621153,0.02313459,0.055419326,0.038031757,0.17318183,0.0896858,0.047854125,0.02887988,0.015134275,0.0163638,0.009793341,0.0095716715,0.013038218,0.012710452,0.008512497,0.00640738,0.0055356026,0.004053116,0.0053625107,0.011740565,0.014809668,0.018020451,0.014866471,0.019934416,0.016465902,0.06564152,0.011594176,0.0048199296,0.0060127378,0.017027974,0.030498803,0.012753069,0.015725195,0.07766533,0.056670427,0.049217105,0.024050593,0.044878185,0.074276745,0.09979975,0.010836542,0.00039595366,0.0,0.017950952,0.03632152,0.02677852,0.072778225,0.036788225,0.06871551,0.048924387,0.020768523,0.04338193,0.044838905,0.027751207,0.033952534,0.08727199,0.05799687,0.03348446,0.04769808,0.1254912,0.095154464,0.04844141,0.027575374,0.020244896,0.1516025,0.02496469,0.02311486,0.025461495,0.037048995,0.02066791,0.07400453,0.015313983,0.026471734,0.015927792,0.07984251,0.103798926,0.04224217,0.04690343,0.0112092495,0.25313628,0.008099794,0.051772058,0.04153371,0.015888274,0.017154574,0.07630426,0.13420755,0.015021682,0.015070021,0.0089018345,0.010152817,0.01677072,0.10738975,0.036076963,0.27471173,0.113476634,0.015163302,0.036885023,0.036562085,0.04354793,0.0353207,0.037012935,0.015063822,0.07851088,0.028950214,0.14993042,0.03571552,0.035217106,0.029094934
P69905,0.03288138,0.1421451,0.16008878,0.0755437,0.05368793,0.03088975,0.03815335,0.09661466,0.067151785,0.06439674,0.14146662,0.08942872,0.054171383,0.086717606,0.05376333,0.015990555,0.015674531,0.05659592,0.04447359,0.08392352,0.05573654,0.08077949,0.039723814,0.06588304,0.06355393,0.0427655,0.030929863,0.054602683,0.03371358,0.042125404,0.033926487,0.025548816,0.037513554,0.21833205,0.05633372,0.027304053,0.42723668,0.02447164,0.019520879,0.016772509,0.054251075,0.025633216,0.05862713,0.061153233,0.050398946,0.065699875,0.058574915,0.18849832,0.10439813,0.065464914,0.054905355,0.026074111,0.0039691925,0.014489591,0.022059381,0.023479939,0.018260717,0.014775574,0.01322794,0.013712645,0.01689601,0.021809697,0.027695239,0.034348726,0.032984257,0.037883997,0.039375603,0.024120808,0.090696335,0.035755515,0.022770107,0.02774185,0.036741078,0.026155114,0.023248076,0.02547878,0.10010207,0.07394242,0.06774336,0.047472775,0.06331837,0.078636706,0.12768143,0.0121792555,0.015214026,0.017950952,0.0,0.061502695,0.053618252,0.08483875,0.057549953,0.08873248,0.06883025,0.047989666,0.06514144,0.07320219,0.056163132,0.05939579,0.11269659,0.08201754,0.06197995,0.07199758,0.1391831,0.114109814,0.0728721,0.055318058,0.047262967,0.17358172,0.04793662,0.052013516,0.04467392,0.034950316,0.026574075,0.093906224,0.03685093,0.054985523,0.03775257,0.10075992,0.13122267,0.071677744,0.07528472,0.019138336,0.27194232,0.010284483,0.071603715,0.067605495,0.038289666,0.030326724,0.08855456,0.15348005,0.032787323,0.030144453,0.023307025,0.024616778,0.038464904,0.11932212,0.06360304,0.29303628,0.14708549,0.030745506,0.058678865,0.053199828,0.05373597,0.049174905,0.066863894,0.024918497,0.08555108,0.042634428,0.16811055,0.056691587,0.06811726,0.055349946
Q09240,0.022333443,0.0759694,0.19232768,0.04373616,0.02440381,0.02852428,0.031129122,0.053476095,0.02780956,0.016824484,0.104471624,0.09280592,0.022103906,0.02396977,0.021842182,0.050257027,0.056539357,0.014577746,0.027133644,0.08050412,0.013523102,0.031846702,0.03026563,0.046567082,0.04024887,0.048049033,0.02638024,0.033435464,0.06726384,0.029374957,0.041229308,0.05118233,0.10222316,0.16048515,0.014638603,0.044279635,0.399238,0.0400244,0.03605634,0.04287237,0.021681428,0.03197676,0.02988106,0.01249814,0.037079036,0.03524685,0.033189237,0.17053396,0.106339335,0.0136922,0.024024308,0.044608176,0.054555953,0.040900588,0.0463292,0.034238636,0.038027108,0.055011928,0.04326445,0.04742396,0.045639098,0.04062599,0.023228884,0.021069467,0.018271863,0.05618745,0.06849456,0.050228715,0.06120068,0.04556769,0.038587928,0.03544092,0.030076563,0.04634434,0.042532563,0.05061716,0.03866142,0.071545064,0.06311035,0.03616786,0.033458054,0.08634275,0.08547342,0.063227355,0.039713383,0.03632152,0.061502695,0.0,0.02352947,0.06408018,0.01778984,0.028511167,0.022250056,0.01666224,0.011094749,0.00957787,0.012949109,0.012850106,0.05986929,0.022686422,0.014065325,0.010229409,0.07737452,0.04251069,0.031895816,0.024239898,0.029181719,0.123532414,0.01572907,0.018278003,0.033224642,0.06155002,0.07181531,0.05500883,0.027323663,0.02721107,0.033972442,0.045433342,0.097833574,0.01613462,0.015568912,0.041834414,0.25626385,0.03932911,0.024757445,0.03297043,0.023703516,0.02505964,0.06285703,0.091728866,0.023857534,0.025385737,0.04354292,0.027629793,0.017026603,0.09081566,0.011682868,0.25684136,0.07810736,0.021333456,0.04189098,0.03515798,0.03322524,0.015045404,0.022755325,0.046683848,0.084955156,0.033123553,0.13549316,0.010849178,0.035989344,0.012218058
Q09514,0.026773274,0.10518187,0.15955949,0.062164903,0.031577766,0.021189034,0.0245623,0.056464612,0.032182157,0.022907317,0.14428616,0.08756614,0.022950172,0.035311162,0.039604545,0.040497303,0.04147309,0.019853175,0.029431581,0.07565552,0.0153800845,0.049375474,0.016654551,0.051031113,0.030281067,0.033634424,0.018576145,0.023449779,0.04364711,0.041178167,0.022530794,0.036864936,0.06940591,0.20079082,0.02207613,0.03738469,0.40049368,0.026557446,0.030488014,0.025953531,0.043465793,0.020047605,0.02273333,0.02958107,0.018571258,0.055248618,0.018306613,0.19140506,0.10167873,0.028318524,0.021208107,0.032036245,0.053912938,0.032111406,0.026101947,0.025941253,0.033953905,0.037862122,0.03414619,0.034288168,0.030892015,0.027057767,0.025849044,0.026164174,0.030632496,0.03201902,0.03492397,0.0329414,0.053052187,0.02422899,0.02453816,0.026136458,0.026848435,0.060859263,0.02897054,0.03200656,0.062082946,0.07919037,0.07049924,0.020767152,0.03830719,0.0906741,0.074775696,0.045970738,0.029109955,0.02677852,0.053618252,0.02352947,0.0,0.067411125,0.039341748,0.05090761,0.03614837,0.010900736,0.027738273,0.028228998,0.014569819,0.021282375,0.066336334,0.042823374,0.020615876,0.03683579,0.0946939,0.075481355,0.06252718,0.038384795,0.02013278,0.13817924,0.015131116,0.02562058,0.041400194,0.058519065,0.050095797,0.06733173,0.02613473,0.026313424,0.02477318,0.0640707,0.100468874,0.028817654,0.03221363,0.0276708,0.25585663,0.03154987,0.049842417,0.028961241,0.01932007,0.028158545,0.07660055,0.112843454,0.026841104,0.028531075,0.027334154,0.027654171,0.030169785,0.10584396,0.02326101,0.27878267,0.092449844,0.023339748,0.027139187,0.04823816,0.056862056,0.027101338,0.019081235,0.029888213,0.08385056,0.045234084,0.14086556,0.033545613,0.018157184,0.02652216
Q17134,0.075425565,0.11406481,0.18553329,0.06879419,0.050687313,0.06504446,0.08601135,0.04534787,0.0790509,0.06768829,0.13189203,0.09478319,0.05834967,0.046571016,0.047750115,0.074450195,0.07860023,0.061645567,0.06768441,0.073418856,0.05474496,0.042615533,0.07204181,0.08861476,0.081125855,0.066996634,0.06301367,0.06207329,0.115505815,0.077459395,0.07345188,0.09802085,0.12727016,0.16991574,0.06095934,0.076203704,0.4244368,0.0765602,0.06693894,0.0740698,0.06276369,0.06942254,0.0541178,0.055210054,0.077675164,0.052814186,0.07406998,0.19887447,0.11090183,0.04639703,0.068204224,0.07414037,0.083750725,0.07218033,0.07582152,0.07092899,0.07288414,0.08215046,0.07561189,0.08072448,0.08084518,0.08048934,0.0657295,0.06925762,0.06894785,0.098786294,0.10376823,0.082810044,0.094588876,0.09521747,0.077399194,0.07545787,0.06494063,0.08821374,0.073753476,0.08315408,0.05602038,0.12844676,0.12095243,0.07704675,0.06489295,0.10206407,0.10980451,0.087869465,0.074848354,0.072778225,0.08483875,0.06408018,0.067411125,0.0,0.060388207,0.04358375,0.03495854,0.057222188,0.05710882,0.06822425,0.054751396,0.05741644,0.061778247,0.047541916,0.06398052,0.06465775,0.070590734,0.074846566,0.08129585,0.06763995,0.08277863,0.13088596,0.06054181,0.07042259,0.08029461,0.08453107,0.10712117,0.06359267,0.07330012,0.06762713,0.080780745,0.0808748,0.14106458,0.059915125,0.050657034,0.07938653,0.29981548,0.06757009,0.04322672,0.056052327,0.06539512,0.06690478,0.06802076,0.10005808,0.058920205,0.06050062,0.08219135,0.069987,0.06387198,0.077869356,0.04295218,0.282189,0.091281414,0.06257069,0.06960541,0.07953787,0.07971746,0.045148194,0.06263518,0.08069211,0.10704756,0.07720578,0.14198816,0.05475092,0.08830351,0.062137723
Q17727,0.029928446,0.07943976,0.20196772,0.033861578,0.023305833,0.03885007,0.045677543,0.041561782,0.043168664,0.028853357,0.08820629,0.10291904,0.026678562,0.03451675,0.015516341,0.05035031,0.056147933,0.022581995,0.02929449,0.08156669,0.018996775,0.0313251,0.04032564,0.048168123,0.057978272,0.06278384,0.03910041,0.044454217,0.07673508,0.033932686,0.05663097,0.056531012,0.1056062,0.1708867,0.023861647,0.041858613,0.39870113,0.040020943,0.029824555,0.047885,0.017778516,0.04086578,0.03100127,0.016548991,0.03921449,0.03636217,0.049048483,0.16362232,0.11324614,0.02295369,0.034950137,0.048222065,0.05003822,0.042073905,0.048068047,0.038747847,0.04377222,0.05128014,0.041635513,0.046483576,0.04351014,0.03992766,0.021926284,0.018683672,0.01671505,0.06418413,0.081361115,0.05643344,0.064645946,0.05519867,0.040572047,0.037697732,0.033709288,0.041068792,0.046304822,0.056501687,0.03902912,0.07138693,0.06613481,0.043943465,0.030179381,0.07033217,0.07895714,0.0602206,0.03977549,0.036788225,0.057549953,0.01778984,0.039341748,0.060388207,0.0,0.04186845,0.025598407,0.029460967,0.015244186,0.020122468,0.018796861,0.02346319,0.07882047,0.026174545,0.028309882,0.015594184,0.091397524,0.03559035,0.030203462,0.016487539,0.045930028,0.122828245,0.027055442,0.022696197,0.027442813,0.06001532,0.07685679,0.056328714,0.035462737,0.039045155,0.04773891,0.052347362,0.1007846,0.014925122,0.022048175,0.046321988,0.25000942,0.03571129,0.019343317,0.030559182,0.024281144,0.027828693,0.045655906,0.09358734,0.025369287,0.026930988,0.049733937,0.026640713,0.01784885,0.075250566,0.01712823,0.24069715,0.07750988,0.025912642,0.048629463,0.037811458,0.029652715,0.02812177,0.031707168,0.051859736,0.08533466,0.031274557,0.12804234,0.016033173,0.052744985,0.0153175
Q17884,0.056572437,0.082018435,0.20897812,0.05990815,0.041198254,0.054766297,0.06824696,0.05381733,0.056572974,0.0426808,0.12391746,0.1039353,0.041470885,0.018479407,0.029225707,0.078389645,0.08643222,0.038945854,0.05047238,0.10249561,0.03950739,0.014738023,0.06025082,0.08132875,0.062042296,0.07471722,0.054167926,0.05423999,0.10909486,0.059272468,0.06457192,0.09061611,0.1378032,0.17317247,0.044786394,0.08190179,0.4145053,0.07144427,0.06552476,0.06844276,0.04680717,0.05774671,0.051603913,0.025011957,0.06696534,0.018916786,0.04820794,0.17540002,0.12039971,0.023487091,0.0483225,0.06890768,0.08596921,0.06750494,0.0741021,0.05895108,0.06127906,0.08467537,0.07230836,0.07808745,0.076619506,0.07153171,0.050041437,0.051164865,0.0471161,0.09473169,0.10097778,0.07906544,0.08701259,0.08529627,0.0684157,0.064397335,0.050207198,0.07024133,0.0681659,0.081256926,0.049458683,0.10217941,0.09400022,0.0636847,0.062484384,0.11962944,0.10112023,0.09478116,0.07210022,0.06871551,0.08873248,0.028511167,0.05090761,0.04358375,0.04186845,0.0,0.018373907,0.03720182,0.033130825,0.033896446,0.038592458,0.037706256,0.039176285,0.018200576,0.043118358,0.034013867,0.058707714,0.058092415,0.052559257,0.0527395,0.060297728,0.12475753,0.03569603,0.053568244,0.06442559,0.073477864,0.10599619,0.06436783,0.05303657,0.050723135,0.06473988,0.059390724,0.114488006,0.04397595,0.017623246,0.07152891,0.2813881,0.06706917,0.019401431,0.05389613,0.053428054,0.05460137,0.06751841,0.06358659,0.04929161,0.050824106,0.07385224,0.05521363,0.04682386,0.09827107,0.024252057,0.26575112,0.06892693,0.05033648,0.066143334,0.06163448,0.056765556,0.025909781,0.047510803,0.076023996,0.10666752,0.058857203,0.14323431,0.027956128,0.07032031,0.032875657
Q18086,0.044729054,0.08994645,0.18648559,0.04126215,0.031088948,0.03694272,0.054640055,0.028806746,0.046301663,0.039751947,0.09964812,0.10287595,0.034498274,0.014644802,0.028367758,0.06278968,0.06729692,0.032499015,0.03708923,0.088044405,0.027158678,0.017010808,0.04383588,0.058057904,0.05990833,0.059530675,0.040327013,0.048127115,0.08809,0.049449444,0.05522418,0.072960675,0.114962995,0.16205424,0.035275042,0.06203425,0.4021898,0.051049232,0.04931289,0.054959416,0.027395964,0.04632455,0.030101836,0.016756892,0.054159045,0.01710254,0.043745935,0.1718111,0.111889124,0.013378561,0.04420066,0.061416566,0.062506914,0.052938044,0.05957055,0.048003793,0.04952079,0.06615907,0.056193948,0.06001979,0.058241904,0.05619061,0.040612996,0.04016173,0.038261175,0.07274479,0.08276546,0.06375325,0.078084946,0.066266716,0.05393958,0.050593197,0.04361552,0.057778955,0.055951536,0.065506876,0.039352298,0.089463115,0.08085376,0.054849207,0.047410965,0.0897423,0.07414347,0.0724448,0.05158001,0.048924387,0.06883025,0.022250056,0.03614837,0.03495854,0.025598407,0.018373907,0.0,0.032120347,0.018433988,0.028980434,0.02670306,0.025887549,0.032704473,0.00821656,0.029191852,0.026400208,0.070668936,0.041393638,0.04881245,0.03838253,0.048932433,0.12059313,0.031796157,0.037086308,0.05145496,0.07532394,0.09079605,0.0661878,0.045232117,0.045704067,0.052929044,0.05752307,0.109143734,0.029513896,0.016237497,0.056467056,0.26717305,0.04863769,0.012982249,0.027802408,0.04270917,0.04039842,0.040672958,0.073892415,0.042843103,0.044233203,0.05834675,0.04425049,0.034933627,0.09261781,0.012974918,0.2616781,0.06856817,0.037144125,0.054765105,0.050371706,0.048418283,0.017998397,0.037777662,0.060797393,0.09540063,0.048899233,0.13411582,0.018445969,0.05720234,0.028305769
Q18311,0.018719792,0.08733404,0.15446794,0.05457467,0.023589551,0.02018565,0.01886636,0.05729091,0.024518907,0.016678989,0.13616472,0.068590105,0.015367806,0.032943904,0.026184201,0.03243941,0.036729693,0.012962699,0.024241328,0.06570619,0.010847032,0.038422883,0.017666757,0.049020767,0.023051918,0.024484396,0.013744175,0.021321595,0.040795207,0.029692054,0.018215716,0.03134018,0.068362415,0.18236274,0.014010549,0.02925247,0.39697063,0.019406676,0.020186007,0.020918071,0.037065506,0.013928652,0.029556274,0.022171795,0.01765436,0.043192685,0.019183874,0.18191254,0.08996147,0.023232937,0.011847615,0.021287322,0.046932817,0.023622334,0.02101618,0.017588615,0.024295628,0.029947698,0.023455322,0.02568245,0.025528431,0.020147562,0.01471436,0.017756522,0.018651128,0.032536566,0.038057685,0.028169274,0.047235847,0.023682117,0.019317567,0.019177794,0.015664935,0.048398197,0.023620427,0.028061688,0.048748434,0.07518631,0.06644791,0.014586091,0.031221867,0.08717865,0.085808635,0.03954214,0.023773909,0.020768523,0.047989666,0.01666224,0.010900736,0.057222188,0.029460967,0.03720182,0.032120347,0.0,0.023673177,0.020881295,0.010511398,0.016195,0.060839236,0.03607261,0.020307124,0.025773227,0.08698231,0.071266174,0.044468164,0.029764414,0.013792872,0.13441175,0.007396519,0.020234346,0.028288305,0.04434967,0.04217118,0.048293054,0.015325725,0.017353773,0.01843977,0.056606352,0.09277463,0.020964444,0.02285099,0.022912562,0.25002998,0.025942326,0.038051784,0.036448658,0.013296485,0.022669792,0.07670742,0.10617143,0.013711512,0.014441788,0.021323442,0.016897082,0.019853175,0.08824867,0.018444061,0.26412755,0.084854245,0.018460214,0.024630606,0.033848226,0.043346524,0.0183931,0.015769541,0.024641931,0.074594796,0.030687869,0.13972348,0.02515328,0.020836651,0.015560269
Q19601,0.029816031,0.08564049,0.19628215,0.034049332,0.021933913,0.025070727,0.038610697,0.043204308,0.032883346,0.030570686,0.093556166,0.10848206,0.029018164,0.018510997,0.024855375,0.05202496,0.05894506,0.019111037,0.027089834,0.081656694,0.01615733,0.026737034,0.04288709,0.052269578,0.05484897,0.056222558,0.03638369,0.039514005,0.0717808,0.03617549,0.049278915,0.055151105,0.103182435,0.15918559,0.022112668,0.0494892,0.40002233,0.046629608,0.036875844,0.04954022,0.02742523,0.0405398,0.029815495,0.016039193,0.040337384,0.028994143,0.035060465,0.17685807,0.118950546,0.014513612,0.034053147,0.045693994,0.05938685,0.043821752,0.050135553,0.04004228,0.046441793,0.056147873,0.045933485,0.049849033,0.048241317,0.046253443,0.027237833,0.02729261,0.023257554,0.06328392,0.07608962,0.054166615,0.06738019,0.053587437,0.04337138,0.04139632,0.036567807,0.05411017,0.04639715,0.055609286,0.034320414,0.080515265,0.07445407,0.039267838,0.025302708,0.08091766,0.07581788,0.06462717,0.04661864,0.04338193,0.06514144,0.011094749,0.027738273,0.05710882,0.015244186,0.033130825,0.018433988,0.023673177,0.0,0.019493103,0.015586376,0.01945132,0.062117696,0.022834659,0.01652354,0.01878643,0.084049046,0.035063922,0.045459688,0.03300202,0.041793466,0.12130046,0.02337414,0.023571312,0.037275612,0.06817818,0.07384044,0.06089294,0.040444314,0.03754151,0.045407772,0.056388497,0.101432204,0.016003668,0.019887686,0.043239653,0.24706799,0.043752193,0.019708455,0.031959116,0.02948165,0.026403725,0.047448575,0.08227354,0.026082933,0.027472794,0.047972023,0.03126955,0.028369129,0.07927692,0.015189469,0.2576878,0.076420724,0.02350068,0.03518802,0.0446679,0.043905377,0.017290354,0.028988242,0.050504267,0.088008165,0.03960371,0.13147932,0.014432013,0.046148658,0.019711256
Q20015,0.030286431,0.06529802,0.20397586,0.051061153,0.030459225,0.04215789,0.04169166,0.05584544,0.034373105,0.0121359825,0.12752724,0.097620845,0.01709491,0.030158877,0.020638824,0.056622088,0.062820256,0.013162792,0.031459153,0.08822137,0.019721627,0.032353222,0.033435583,0.04967189,0.041498423,0.05941546,0.03590399,0.038290143,0.08067942,0.039657414,0.050920963,0.06522381,0.11937624,0.17270368,0.01823318,0.057793975,0.39504468,0.046406984,0.042157352,0.052027762,0.02667749,0.037725747,0.031964898,0.009925067,0.036740363,0.043012798,0.033062577,0.16877925,0.1042096,0.021121442,0.020190477,0.052412987,0.06820893,0.0491035,0.052408755,0.040121496,0.04763663,0.06290674,0.052606583,0.05808425,0.053153038,0.046824276,0.027919292,0.02333659,0.022021651,0.06507212,0.07704443,0.06096357,0.058231354,0.055378914,0.044138014,0.03996855,0.030564547,0.05661595,0.05134189,0.060370147,0.03717923,0.076361656,0.06753194,0.038595915,0.0412848,0.09125739,0.08043182,0.074062765,0.049600422,0.044838905,0.07320219,0.00957787,0.028228998,0.06822425,0.020122468,0.033896446,0.028980434,0.020881295,0.019493103,0.0,0.019226015,0.012150526,0.06295681,0.023975432,0.024076223,0.008854628,0.07793683,0.042467535,0.034576595,0.026549935,0.038297117,0.11738676,0.017569244,0.02387631,0.037701607,0.06686294,0.0863812,0.05539435,0.031111121,0.028490603,0.039729297,0.038181722,0.09274274,0.013866365,0.016781092,0.052315712,0.25752187,0.04680997,0.029948294,0.034546614,0.027892232,0.03421235,0.073498905,0.10003555,0.031493247,0.033615947,0.053489983,0.031460643,0.02194935,0.08747691,0.015114009,0.24670607,0.07635033,0.029931545,0.05298859,0.042066336,0.03553945,0.025058627,0.019025743,0.055846095,0.08638656,0.041202962,0.13094288,0.018262148,0.035960972,0.009681642
Q20623,0.023987114,0.08307177,0.16592836,0.04857099,0.025778651,0.021213353,0.028465033,0.04460597,0.029153407,0.017617643,0.12803525,0.088350296,0.017563462,0.022964,0.024480224,0.040863216,0.044508815,0.014809668,0.024837732,0.069607794,0.00013202429,0.034383953,0.023984134,0.04161817,0.03634715,0.036949933,0.021034718,0.027359188,0.05456543,0.03330964,0.032014012,0.040727973,0.081738055,0.18105227,0.015624106,0.03342682,0.3930028,0.028013408,0.026483417,0.03224957,0.03410089,0.02493453,0.022781253,0.022856534,0.022648156,0.04050207,0.025755107,0.17781365,0.1030336,0.015778124,0.021222591,0.033321857,0.05348164,0.031183064,0.034319162,0.027416766,0.034145296,0.042341173,0.033947527,0.036455214,0.03478223,0.028669238,0.021336019,0.019691706,0.022102952,0.043762565,0.05365002,0.03751284,0.048040092,0.03356272,0.028796673,0.027094126,0.025668085,0.05761075,0.032155275,0.037408352,0.041291952,0.08008313,0.07169855,0.024911404,0.026310742,0.07648635,0.07594895,0.050576866,0.030814707,0.027751207,0.056163132,0.012949109,0.014569819,0.054751396,0.018796861,0.038592458,0.02670306,0.010511398,0.015586376,0.019226015,0.0,0.014452934,0.05999118,0.031435847,0.015649319,0.022275448,0.09031725,0.054546237,0.04339254,0.028133154,0.023474813,0.12228286,0.012515664,0.016087472,0.03453183,0.06237936,0.055701733,0.04468614,0.024204016,0.023398697,0.027593851,0.053875268,0.095623374,0.011764765,0.020463407,0.034179747,0.24861056,0.032102704,0.02921027,0.026288986,0.018074095,0.025251865,0.062279284,0.103135884,0.01959771,0.02159667,0.032446444,0.025728285,0.02130276,0.07990116,0.016142309,0.25899374,0.078688025,0.020564914,0.03158778,0.04000604,0.044804752,0.017182171,0.018547237,0.0337919,0.07373762,0.038827837,0.13200146,0.02462995,0.026892483,0.015767694
Q20638,0.025609195,0.071272016,0.18013716,0.052585483,0.0276258,0.02864331,0.03251803,0.055709362,0.03412777,0.01336956,0.13122845,0.084343076,0.01360321,0.028666794,0.022691786,0.04037398,0.04459411,0.011152625,0.02668345,0.06995314,0.015073776,0.032234907,0.024310768,0.0413,0.034087658,0.045317292,0.025052845,0.0286389,0.063869715,0.030030072,0.03587109,0.05021292,0.09754646,0.19393039,0.01583469,0.042381167,0.39281577,0.036106586,0.032876015,0.040774107,0.029514134,0.03156382,0.027911782,0.015500665,0.025461376,0.037014544,0.033108354,0.16342872,0.08889544,0.019353926,0.016257882,0.0436334,0.056242943,0.041090846,0.042428613,0.03643471,0.042492867,0.048421323,0.041920245,0.044984937,0.040573955,0.037599027,0.026016712,0.021122694,0.020539284,0.051802337,0.06342751,0.050281107,0.048839033,0.043843746,0.035289824,0.031237066,0.029262185,0.055024445,0.043220878,0.048548937,0.0401628,0.06831151,0.059761703,0.028798044,0.03569752,0.072334826,0.07554144,0.05592507,0.037404656,0.033952534,0.05939579,0.012850106,0.021282375,0.05741644,0.02346319,0.037706256,0.025887549,0.016195,0.01945132,0.012150526,0.014452934,0.0,0.05804634,0.023628354,0.020792723,0.016318858,0.0938369,0.051121533,0.039414227,0.027428687,0.031259775,0.11389375,0.014767408,0.01778084,0.03562063,0.068393886,0.07116866,0.049707055,0.028404236,0.025454462,0.029954791,0.040257514,0.093966246,0.015511334,0.019545794,0.043119967,0.25278693,0.038543165,0.03242606,0.03285879,0.022688568,0.026504636,0.07283437,0.10619813,0.025890052,0.027187705,0.042835414,0.029976845,0.02011776,0.08253741,0.013529301,0.24521655,0.07718438,0.022007346,0.04063368,0.041357875,0.03652364,0.019393206,0.017522395,0.04582697,0.07610822,0.039812386,0.12638348,0.020947456,0.030590594,0.015013039
Q21618,0.08646548,0.12753153,0.16350842,0.08962095,0.07478535,0.06717521,0.08930701,0.05480784,0.0830245,0.07418662,0.16422194,0.1318332,0.06947482,0.03814721,0.06514764,0.109870076,0.112758815,0.072825015,0.07687998,0.13219625,0.060030103,0.041000783,0.07690108,0.10036945,0.08988309,0.08523315,0.08158052,0.08487028,0.108486295,0.09255564,0.08919746,0.10130119,0.13592982,0.22519642,0.079627216,0.101451516,0.42854452,0.084046185,0.09548527,0.0923,0.07757282,0.085118115,0.062256455,0.053440988,0.08773959,0.037783504,0.06508261,0.21724546,0.14722717,0.041737974,0.0791558,0.10355848,0.10605639,0.095519364,0.098130584,0.085991085,0.09122139,0.11068201,0.099410295,0.10276276,0.09832007,0.09298545,0.09375733,0.09082657,0.08992034,0.10206133,0.10783094,0.0914644,0.10219556,0.096558034,0.09431285,0.09099811,0.082463026,0.11308366,0.08814818,0.09011662,0.070792615,0.1371879,0.12578309,0.09284109,0.09033966,0.13841665,0.10237318,0.11896539,0.09071231,0.08727199,0.11269659,0.05986929,0.066336334,0.061778247,0.07882047,0.039176285,0.032704473,0.060839236,0.062117696,0.06295681,0.05999118,0.05804634,0.0,0.032637417,0.06548262,0.07068086,0.09655732,0.10002333,0.09096193,0.090162754,0.078145504,0.15105528,0.059705794,0.07662505,0.10049689,0.13124567,0.12049478,0.09023517,0.07574475,0.07653153,0.079196274,0.09859228,0.14860201,0.06969297,0.044044554,0.094257355,0.31389165,0.092653275,0.04522556,0.059659183,0.08883762,0.084602654,0.077124536,0.105454504,0.08947861,0.09173292,0.08930975,0.093811154,0.08194679,0.13456833,0.053484082,0.30481017,0.093560755,0.081738055,0.10319269,0.093211114,0.095202446,0.039848268,0.07267916,0.088879645,0.12779754,0.09736073,0.1657232,0.06875306,0.08022338,0.06790817
Q21978,0.05130011,0.08134276,0.19981617,0.04515171,0.03925532,0.04582888,0.06151396,0.03050673,0.05394894,0.037891567,0.10839671,0.10656965,0.03692615,0.018227816,0.027604103,0.07522243,0.08046299,0.032643676,0.0419966,0.10191953,0.031936705,0.014509678,0.04946536,0.06546289,0.06430745,0.07248527,0.050153732,0.05531019,0.09851217,0.0526672,0.06494933,0.08040309,0.12949324,0.1763581,0.039066136,0.070854306,0.39959538,0.059069633,0.05825442,0.06611675,0.030163467,0.05640793,0.03469795,0.01415199,0.056884646,0.017520368,0.048931003,0.16864932,0.11440754,0.015032768,0.045460284,0.07261431,0.07419604,0.06550813,0.071133375,0.05770284,0.06165397,0.07778776,0.06659031,0.071736395,0.067919195,0.06323677,0.048287988,0.04388374,0.041590452,0.08413023,0.09736556,0.07453722,0.0747183,0.07580453,0.062386513,0.057444215,0.049840033,0.06394762,0.06538874,0.073706925,0.038239717,0.08341551,0.07520932,0.060887456,0.052803755,0.09478825,0.07224691,0.08639604,0.061927617,0.05799687,0.08201754,0.022686422,0.042823374,0.047541916,0.026174545,0.018200576,0.00821656,0.03607261,0.022834659,0.023975432,0.031435847,0.023628354,0.032637417,0.0,0.039209664,0.023715258,0.07473463,0.041900575,0.047875226,0.041906774,0.05405104,0.12024391,0.032408714,0.04267168,0.054055512,0.08609569,0.10394859,0.06895167,0.04671985,0.049349487,0.058954656,0.0485757,0.106568456,0.03082484,0.014095247,0.06663203,0.2693333,0.05863273,0.015951157,0.032735407,0.048801243,0.04992503,0.04953766,0.0730505,0.051243126,0.05284792,0.06811404,0.052465558,0.036737263,0.09710312,0.017372012,0.2528457,0.06807923,0.046301186,0.068547666,0.055299044,0.049014628,0.021277487,0.03886062,0.07021338,0.09691697,0.05434239,0.1415869,0.023071527,0.0599553,0.027308226
Q22663,0.020786762,0.08997589,0.18600011,0.058257937,0.028946996,0.02993226,0.030374765,0.062004805,0.03213322,0.025483072,0.1238603,0.100013494,0.022757709,0.028626919,0.029986918,0.04796207,0.052545965,0.017741442,0.027787983,0.07339066,0.016398191,0.04494214,0.028792083,0.04376322,0.04226494,0.043358922,0.028384745,0.025437832,0.059064806,0.03139639,0.040595233,0.047492206,0.092134714,0.18178868,0.016800702,0.04111445,0.4042961,0.03616774,0.03411746,0.040869534,0.037135363,0.030918956,0.027993917,0.027446687,0.035062194,0.045126617,0.035187066,0.178146,0.11360872,0.025563955,0.029309988,0.042586446,0.05562216,0.039259493,0.041889727,0.034019053,0.03856671,0.05284816,0.042517006,0.043892562,0.04213631,0.04141897,0.026046574,0.023685396,0.023894668,0.04527366,0.056253314,0.04744953,0.072740555,0.037983954,0.036449492,0.034255266,0.032287955,0.057169497,0.040338516,0.04848653,0.05515182,0.07863206,0.07076168,0.03640783,0.033591926,0.085828304,0.081775546,0.059450746,0.036275923,0.03348446,0.06197995,0.014065325,0.020615876,0.06398052,0.028309882,0.043118358,0.029191852,0.020307124,0.01652354,0.024076223,0.015649319,0.020792723,0.06548262,0.039209664,0.0,0.023575306,0.09791106,0.062846005,0.049132526,0.027511299,0.03321457,0.13221294,0.022352815,0.017049551,0.039678216,0.07143426,0.06707716,0.061582565,0.031865597,0.029837132,0.03178525,0.06538826,0.099963546,0.01915276,0.028346002,0.038327277,0.2594754,0.03898108,0.035441816,0.03289324,0.026076436,0.023908675,0.07025111,0.10549253,0.02497685,0.027321696,0.03886944,0.029077053,0.024461389,0.08916509,0.015841484,0.26496112,0.08509505,0.019797623,0.02835232,0.042263567,0.049861073,0.023893416,0.021362603,0.044712782,0.08912212,0.04106641,0.13677996,0.021304965,0.03494495,0.023460448
Q23117,0.0333305,0.0633719,0.22284442,0.050284743,0.0324049,0.043444395,0.04577905,0.054249108,0.033753514,0.02228117,0.10512793,0.09667617,0.023932636,0.028747559,0.022801816,0.05680853,0.06454986,0.017541528,0.034924448,0.08142352,0.022633433,0.031365097,0.037205637,0.05389023,0.049583316,0.06285715,0.0376814,0.043243527,0.0862062,0.038958073,0.057493865,0.06875306,0.12790567,0.16038722,0.015911877,0.057071567,0.40917867,0.048890352,0.044944465,0.054868817,0.023889482,0.04030472,0.03858888,0.016668737,0.046376824,0.038757324,0.040013492,0.17162508,0.10238564,0.015641749,0.027842283,0.056445003,0.0654583,0.052093625,0.057500124,0.039945304,0.04663682,0.06480312,0.05426973,0.05926907,0.059020042,0.051998675,0.027992785,0.02397573,0.019945025,0.07561821,0.0906378,0.06421369,0.06770432,0.06508231,0.052102625,0.047096908,0.036689162,0.048808396,0.05393231,0.06423646,0.039429963,0.08199215,0.07391167,0.045487046,0.040278435,0.08746421,0.087727726,0.07400018,0.051859796,0.04769808,0.07199758,0.010229409,0.03683579,0.06465775,0.015594184,0.034013867,0.026400208,0.025773227,0.01878643,0.008854628,0.022275448,0.016318858,0.07068086,0.023715258,0.023575306,0.0,0.08035594,0.04051113,0.030619442,0.023196697,0.039350867,0.1267829,0.02103573,0.026236176,0.034202695,0.0669018,0.0924204,0.04746771,0.032013714,0.03496647,0.04387057,0.0450992,0.09962618,0.014124155,0.018061042,0.055232882,0.26767057,0.047689438,0.028430223,0.04100287,0.029201686,0.034332275,0.06869787,0.101444244,0.031231403,0.031719863,0.05629933,0.03390801,0.019775212,0.07880604,0.013975143,0.24610108,0.07369411,0.03022033,0.049956262,0.031809866,0.034538567,0.026263654,0.019716859,0.05914879,0.090030074,0.032466114,0.137371,0.0122567415,0.048597515,0.012046695
Q24570,0.116877735,0.1353575,0.23124832,0.07824892,0.065072596,0.10296869,0.12707269,0.08553904,0.10539168,0.09733212,0.12037492,0.1414752,0.104037106,0.077154934,0.07968956,0.13807404,0.14659292,0.10467738,0.11284524,0.13499087,0.08965182,0.06612831,0.10950005,0.139426,0.11821401,0.119232655,0.107847095,0.10928482,0.16586173,0.12527937,0.12591034,0.15227455,0.19256723,0.14155191,0.09682536,0.13544685,0.44817996,0.13036251,0.12405437,0.12212598,0.07452273,0.10813171,0.09029317,0.07763654,0.12629545,0.09514308,0.094249725,0.23667872,0.15943402,0.06624061,0.10569483,0.12036139,0.13312393,0.123805285,0.11989361,0.10760349,0.1173175,0.13847762,0.13004267,0.1379044,0.13635862,0.12727559,0.10371262,0.109911025,0.107836306,0.15173167,0.15491718,0.1351977,0.13224965,0.14255387,0.12782216,0.12824613,0.11079943,0.11382413,0.11927652,0.13567281,0.07141858,0.1598503,0.15346688,0.12598848,0.094171464,0.15628123,0.1590606,0.15240991,0.12910563,0.1254912,0.1391831,0.07737452,0.0946939,0.070590734,0.091397524,0.058707714,0.070668936,0.08698231,0.084049046,0.07793683,0.09031725,0.0938369,0.09655732,0.07473463,0.09791106,0.08035594,0.0,0.07782215,0.09489328,0.10286361,0.11312032,0.16224182,0.09270078,0.11501843,0.11411822,0.10351437,0.15832418,0.097051024,0.11015284,0.10884303,0.1279481,0.105924964,0.17950338,0.09382093,0.069377124,0.12816685,0.3369189,0.113971055,0.082307756,0.0903815,0.09821403,0.10777438,0.0867632,0.10277569,0.10387355,0.10669613,0.13133788,0.10854119,0.10462463,0.1293143,0.073316395,0.30496597,0.1183871,0.10542053,0.11819363,0.11364555,0.09249097,0.069358885,0.09123522,0.13272661,0.15401739,0.10774928,0.16336107,0.07878482,0.11646181,0.09072864
Q2WG80,0.08099586,0.10165304,0.24297279,0.046520233,0.05409503,0.07615167,0.09111464,0.06937659,0.072900236,0.0636279,0.077682555,0.14647454,0.067290604,0.04892093,0.056114078,0.10135174,0.11132431,0.054093003,0.061559677,0.113942504,0.054388046,0.053978026,0.0831148,0.082496405,0.08818281,0.104762316,0.0778141,0.07700956,0.14287096,0.08356148,0.101073146,0.12021202,0.17858052,0.1203385,0.052408516,0.09986007,0.41223204,0.10263497,0.08599627,0.103265405,0.0370813,0.08995432,0.061661124,0.03882593,0.08964783,0.06378722,0.08322179,0.19314945,0.14768422,0.04200262,0.06858194,0.10156363,0.10598898,0.09415907,0.10384226,0.09080082,0.09443617,0.111430764,0.09859002,0.107182324,0.106551945,0.102681935,0.0700258,0.069992185,0.06528568,0.12710655,0.14260215,0.1157822,0.097596765,0.11748552,0.09772289,0.094923794,0.07927418,0.088440955,0.104263425,0.116618276,0.03417325,0.12355882,0.11493951,0.09104657,0.061320305,0.101003885,0.112053394,0.119415045,0.09973663,0.095154464,0.114109814,0.04251069,0.075481355,0.074846566,0.03559035,0.058092415,0.041393638,0.071266174,0.035063922,0.042467535,0.054546237,0.051121533,0.10002333,0.041900575,0.062846005,0.04051113,0.07782215,0.0,0.0662241,0.060655236,0.08966267,0.12748635,0.063917816,0.061791956,0.07239288,0.10496497,0.1436553,0.09949213,0.087115824,0.077477515,0.096030295,0.07274908,0.13583434,0.04323876,0.048629045,0.100084245,0.27900243,0.08966172,0.040513992,0.060522556,0.071471095,0.07135624,0.067346096,0.098838985,0.07176697,0.07451534,0.1079855,0.078448534,0.05924982,0.10427576,0.041618407,0.2686752,0.10126883,0.06758565,0.08428055,0.07990283,0.06414837,0.055462062,0.064689994,0.110805094,0.12271303,0.076416075,0.14167577,0.035200953,0.09375286,0.053376853
Q2XNF5,0.04080051,0.07502353,0.19776738,0.053531647,0.039216638,0.059048116,0.054505467,0.06704867,0.055119872,0.037563205,0.101739466,0.087331176,0.03591442,0.05725509,0.028195083,0.06923151,0.07626492,0.043722868,0.051641762,0.09193778,0.043299437,0.04729247,0.048030794,0.06285697,0.05769545,0.06846684,0.048659384,0.054426193,0.0916391,0.04195243,0.06273788,0.07314086,0.120711505,0.18184137,0.0375005,0.054854453,0.39979267,0.052758694,0.050314367,0.060388386,0.027976751,0.052613735,0.056297064,0.03266704,0.059622765,0.05614227,0.062097132,0.16096526,0.10875082,0.043774545,0.04746151,0.061514556,0.06537163,0.059127033,0.061194837,0.051012456,0.050684333,0.067275286,0.05784315,0.061950624,0.0595721,0.05512154,0.037980676,0.03689021,0.03198874,0.08070552,0.09396303,0.072265685,0.07215357,0.073830545,0.05585444,0.0517568,0.044104695,0.044751167,0.059286714,0.07001799,0.055283666,0.081950784,0.07442045,0.066126764,0.064569294,0.0820778,0.11525756,0.075720966,0.050657153,0.04844141,0.0728721,0.031895816,0.06252718,0.08129585,0.030203462,0.052559257,0.04881245,0.044468164,0.045459688,0.034576595,0.04339254,0.039414227,0.09096193,0.047875226,0.049132526,0.030619442,0.09489328,0.0662241,0.0,0.024005294,0.05170834,0.118487,0.04455644,0.037029505,0.036655366,0.06111276,0.0894686,0.06039393,0.041375518,0.04801017,0.052743614,0.06346536,0.11296189,0.04384637,0.035965085,0.06373149,0.27392328,0.0523746,0.03805983,0.054966927,0.03868127,0.039939463,0.069152534,0.11300707,0.041062653,0.04102397,0.06272298,0.042883635,0.02649206,0.088683724,0.03559321,0.22273517,0.08644819,0.039090574,0.07915187,0.04137355,0.013237834,0.046830654,0.053895175,0.068627715,0.09592229,0.03457892,0.1275937,0.029851258,0.07044995,0.024728894
Q3KN63,0.020575047,0.0823915,0.19645268,0.04552722,0.023214698,0.0445984,0.032510996,0.05706799,0.035546184,0.02303207,0.10401654,0.08292043,0.021182597,0.04967761,0.022166848,0.047353268,0.052660704,0.025380611,0.027967393,0.075858474,0.028442144,0.045978308,0.023633242,0.040087104,0.038126826,0.04714662,0.028396249,0.02688545,0.07482946,0.02763027,0.042497396,0.05638385,0.10589492,0.1807121,0.017292976,0.035586834,0.39770883,0.032308936,0.028368115,0.042229116,0.017861307,0.032775342,0.032780707,0.024628222,0.0337376,0.055651486,0.049444914,0.15732092,0.09614551,0.039598107,0.027513862,0.043973923,0.047744274,0.039684355,0.036895573,0.03461522,0.03725189,0.043266892,0.03797424,0.040828645,0.037816644,0.03489554,0.01796192,0.016446292,0.016335428,0.05105853,0.06815183,0.056086063,0.06373966,0.04664409,0.0312711,0.027395487,0.026067376,0.029868007,0.044307172,0.05603838,0.057653487,0.0628373,0.05547464,0.039131045,0.04300219,0.0848214,0.09295213,0.05045259,0.030190349,0.027575374,0.055318058,0.024239898,0.038384795,0.06763995,0.016487539,0.0527395,0.03838253,0.029764414,0.03300202,0.026549935,0.028133154,0.027428687,0.090162754,0.041906774,0.027511299,0.023196697,0.10286361,0.060655236,0.024005294,0.0,0.03727722,0.12319511,0.030376613,0.01430887,0.014836788,0.04729247,0.072092414,0.068936765,0.02570647,0.027092993,0.034222007,0.054627,0.09310502,0.026219368,0.027160287,0.043372035,0.26586634,0.032839656,0.03249657,0.032501638,0.013829768,0.020174146,0.062069952,0.1151005,0.025754094,0.026200771,0.045226574,0.02320069,0.008776128,0.095086396,0.017345846,0.23439014,0.07836419,0.019106746,0.04761958,0.023607671,0.02383399,0.04063958,0.030586362,0.051579952,0.09201378,0.016722918,0.122663915,0.021506488,0.039791286,0.016777635
Q3MQ62,0.023828745,0.11289847,0.163629,0.06616789,0.044154346,0.024027944,0.0104058385,0.07065606,0.022468507,0.027290463,0.14395326,0.07545376,0.028625071,0.051306486,0.04896146,0.037761986,0.04188466,0.024936974,0.033203244,0.07572454,0.023451626,0.062738895,0.017633855,0.05891037,0.016561091,0.023658097,0.011876941,0.026223838,0.035289347,0.038564503,0.015960455,0.029574037,0.066348314,0.19446337,0.018797517,0.033188462,0.4112326,0.017800868,0.026744604,0.017422795,0.044208407,0.012785792,0.040881813,0.038803518,0.025755465,0.060799778,0.020852923,0.19951838,0.09859127,0.03665942,0.017907321,0.023513615,0.044828117,0.02257049,0.019501567,0.013368905,0.01827091,0.030009389,0.022876382,0.023381233,0.026863694,0.019754231,0.021515846,0.026786089,0.028187573,0.029884696,0.034778714,0.024408758,0.04776001,0.021105587,0.02086389,0.022167563,0.0160653,0.044887245,0.02531892,0.025267601,0.0653435,0.080741644,0.070239305,0.019420683,0.04798889,0.09404987,0.0971427,0.03528434,0.022536278,0.020244896,0.047262967,0.029181719,0.02013278,0.08277863,0.045930028,0.060297728,0.048932433,0.013792872,0.041793466,0.038297117,0.023474813,0.031259775,0.078145504,0.05405104,0.03321457,0.039350867,0.11312032,0.08966267,0.05170834,0.03727722,0.0,0.15269011,0.015733838,0.023619652,0.026018143,0.047303617,0.037444532,0.07267088,0.013982773,0.023681939,0.010753274,0.07294911,0.09846002,0.03503561,0.04213345,0.018416286,0.2543655,0.026278615,0.05566615,0.045615733,0.018325329,0.026248991,0.0893023,0.13249934,0.024272323,0.023388863,0.014443934,0.022675097,0.022138298,0.11665815,0.035707593,0.29237598,0.10508335,0.022744596,0.03291017,0.027236402,0.052931428,0.034653008,0.027457595,0.021493375,0.08902478,0.027266681,0.15151948,0.037027597,0.01922369,0.0311355
Q4H3K6,0.13594145,0.11307609,0.2644856,0.10933435,0.11788452,0.14036918,0.14818645,0.13145494,0.1463142,0.11976731,0.17583263,0.19663054,0.11894095,0.11781639,0.11503029,0.16083431,0.1684295,0.123191416,0.121864796,0.15818173,0.1228143,0.114769876,0.14007771,0.14462537,0.14310342,0.1560539,0.13650906,0.13459444,0.20319378,0.1268304,0.14839137,0.18079942,0.22945541,0.23880357,0.12770057,0.16282767,0.28576636,0.16064388,0.15249461,0.16248548,0.124731004,0.15457189,0.12675536,0.11279702,0.13996458,0.13236517,0.13911545,0.14776409,0.2003749,0.122647464,0.1348185,0.16285253,0.16760868,0.15241832,0.15800601,0.15234923,0.15478927,0.16942751,0.16425419,0.16834956,0.16171855,0.15879798,0.1389243,0.13361263,0.13147414,0.18163973,0.19202411,0.1731658,0.14629513,0.17324936,0.15186805,0.14446199,0.14263982,0.15643567,0.16177624,0.17382276,0.11152762,0.15151387,0.14855361,0.15288943,0.1355257,0.130279,0.13160771,0.17616302,0.15523165,0.1516025,0.17358172,0.123532414,0.13817924,0.13088596,0.122828245,0.12475753,0.12059313,0.13441175,0.12130046,0.11738676,0.12228286,0.11389375,0.15105528,0.12024391,0.13221294,0.1267829,0.16224182,0.12748635,0.118487,0.12319511,0.15269011,0.0,0.1346538,0.122217774,0.14411575,0.16958398,0.19672507,0.14643955,0.1491332,0.13743567,0.15385771,0.086295426,0.117890656,0.124934435,0.11234641,0.1665076,0.26165473,0.1560381,0.113278985,0.12407315,0.13091475,0.13131589,0.11822951,0.14416367,0.13967937,0.14149404,0.16968673,0.14676517,0.13029993,0.15895367,0.1144703,0.19196022,0.10334307,0.12814665,0.16240168,0.15167928,0.120489836,0.124133885,0.1412543,0.16986471,0.13284338,0.14604539,0.05892831,0.12868512,0.1440295,0.123208284
Q4V6L1,0.019946098,0.08345592,0.17364866,0.053305984,0.03249812,0.023563623,0.019320607,0.056641936,0.01870346,0.017071664,0.13578391,0.07476467,0.014706731,0.03260839,0.029814243,0.036022663,0.041148305,0.010082841,0.023875177,0.07110298,0.012803614,0.038437903,0.019225419,0.048946798,0.025779605,0.033216834,0.017193675,0.021546364,0.046084285,0.030503392,0.02486515,0.03372383,0.078474104,0.18191534,0.01289016,0.035594404,0.4041772,0.022246301,0.024863899,0.023483574,0.034302473,0.016039908,0.030483782,0.020135641,0.01849699,0.039855897,0.01875484,0.1843152,0.08998883,0.020204782,0.011786342,0.026186526,0.046458483,0.024015665,0.025148451,0.017706156,0.024216533,0.034674644,0.026539326,0.029295564,0.030185401,0.023601532,0.016037583,0.018746316,0.018427193,0.038246036,0.04511547,0.032568812,0.045675576,0.028959274,0.023399591,0.022560894,0.01414305,0.043890238,0.02842325,0.03259653,0.04696417,0.07405841,0.06468904,0.016549766,0.029591382,0.087824404,0.08309275,0.044303596,0.028390825,0.02496469,0.04793662,0.01572907,0.015131116,0.06054181,0.027055442,0.03569603,0.031796157,0.007396519,0.02337414,0.017569244,0.012515664,0.014767408,0.059705794,0.032408714,0.022352815,0.02103573,0.09270078,0.063917816,0.04455644,0.030376613,0.015733838,0.1346538,0.0,0.022301614,0.027021766,0.049942613,0.046289206,0.04931611,0.015513599,0.014430046,0.01609075,0.05739516,0.0917173,0.01751548,0.017943144,0.022772431,0.25356376,0.025276005,0.034098208,0.036818326,0.01871705,0.024284303,0.07776421,0.11492497,0.017086804,0.017702162,0.023676515,0.018431723,0.018380582,0.08917719,0.017524064,0.2714935,0.08571309,0.020054221,0.029121757,0.02719903,0.039697707,0.021101058,0.010907173,0.028126478,0.078896165,0.027370214,0.14037722,0.020234168,0.019854605,0.012696266
Q575S8,0.014021754,0.08866799,0.17302442,0.049609303,0.025116622,0.024720788,0.017001688,0.05977893,0.022863448,0.0154025555,0.11931127,0.08501029,0.015689075,0.03711301,0.026983082,0.03715998,0.04241109,0.016320944,0.01961118,0.074836254,0.016230881,0.04730034,0.019468129,0.034295738,0.027622819,0.03087473,0.018428624,0.01865071,0.05608076,0.023860693,0.029484987,0.04317808,0.08837718,0.18915838,0.0112397075,0.030559063,0.3947733,0.026285052,0.022688568,0.035657823,0.02547425,0.0279876,0.025200248,0.025118947,0.02492708,0.050800204,0.034220755,0.16873544,0.099624276,0.034013927,0.019563437,0.03372079,0.047366083,0.031314433,0.03188145,0.0291875,0.032131612,0.03792107,0.031477273,0.03291589,0.030517817,0.030315459,0.018131375,0.017024696,0.01690793,0.038348854,0.053752124,0.04172814,0.057910025,0.03306985,0.02552706,0.021997929,0.021713674,0.04301381,0.035333097,0.042093158,0.04814744,0.06757659,0.058677316,0.027971327,0.03727001,0.0809353,0.08964419,0.04233527,0.02579856,0.02311486,0.052013516,0.018278003,0.02562058,0.07042259,0.022696197,0.053568244,0.037086308,0.020234346,0.023571312,0.02387631,0.016087472,0.01778084,0.07662505,0.04267168,0.017049551,0.026236176,0.11501843,0.061791956,0.037029505,0.01430887,0.023619652,0.122217774,0.022301614,0.0,0.017913878,0.057824016,0.05700642,0.06862956,0.021784067,0.021977425,0.019816935,0.05920422,0.08568674,0.017665803,0.030167043,0.034731567,0.2531113,0.03289455,0.034320474,0.028714895,0.01262337,0.010037959,0.0684033,0.12134516,0.018995762,0.019737542,0.03197223,0.021989286,0.0121484995,0.09436536,0.019592226,0.2506922,0.08642179,0.008684933,0.034320354,0.027198136,0.0362038,0.02933675,0.02773571,0.03814429,0.08298129,0.023661494,0.13147336,0.024128854,0.02543509,0.01842779
Q5QSB1,0.021817505,0.106327355,0.18008083,0.041900873,0.026565552,0.031642854,0.016666353,0.0670681,0.022876978,0.03058368,0.1044994,0.08094424,0.031918406,0.05987245,0.03460747,0.03975123,0.047958314,0.02984935,0.028303444,0.07395685,0.034110487,0.054486215,0.024821043,0.05376494,0.032456756,0.036447406,0.024826646,0.028178751,0.056712627,0.031943023,0.034257114,0.04237181,0.09057176,0.17981672,0.018259466,0.03171736,0.41297197,0.027640045,0.024170458,0.034788728,0.0232957,0.029021084,0.04232186,0.035322428,0.03076911,0.05860877,0.03982073,0.18115783,0.099357486,0.0461424,0.024376094,0.030638337,0.039760947,0.03106451,0.025403738,0.024650395,0.028247356,0.028130889,0.025552332,0.028751075,0.03203219,0.027001023,0.01598692,0.023608506,0.019558668,0.04604578,0.06229037,0.04464352,0.054957807,0.041056573,0.026255846,0.02563715,0.019522607,0.019102156,0.038402557,0.046405673,0.059592307,0.06765616,0.06136769,0.03111595,0.03873843,0.088305235,0.103530824,0.03436619,0.027912378,0.025461495,0.04467392,0.033224642,0.041400194,0.08029461,0.027442813,0.06442559,0.05145496,0.028288305,0.037275612,0.037701607,0.03453183,0.03562063,0.10049689,0.054055512,0.039678216,0.034202695,0.11411822,0.07239288,0.036655366,0.014836788,0.026018143,0.14411575,0.027021766,0.017913878,0.0,0.031617522,0.050254226,0.07897842,0.01911074,0.02722174,0.024240851,0.06709933,0.091073334,0.033408344,0.039060473,0.029689372,0.25982052,0.0274961,0.041645527,0.044373035,0.012565434,0.013661683,0.066121876,0.1295942,0.023962438,0.021146238,0.033388615,0.019391239,0.013598621,0.10249239,0.032980323,0.2672674,0.09456056,0.015246451,0.042337418,0.010569215,0.02866143,0.04243833,0.03600973,0.040272057,0.09333056,0.004861653,0.14215243,0.030494928,0.03352356,0.025071204
Q6B0K9,0.039521694,0.13552332,0.1845122,0.069321096,0.03974563,0.047945797,0.04028195,0.10052389,0.058725893,0.056367457,0.1304338,0.083192945,0.05482906,0.08508849,0.049568594,0.036267996,0.043099344,0.056542277,0.052048028,0.083973944,0.06206715,0.07375127,0.044330895,0.08756685,0.050818264,0.04969865,0.033486426,0.05114889,0.06764752,0.051023662,0.03566289,0.05447173,0.08178061,0.18461108,0.048240185,0.047308207,0.43411368,0.045463562,0.033068657,0.030672133,0.053602695,0.031019032,0.07051635,0.059003413,0.05628544,0.07657087,0.051391542,0.19647509,0.10882598,0.06975335,0.045111418,0.023784518,0.04107064,0.03254336,0.02646494,0.027297735,0.0250988,0.027614653,0.02713275,0.0318349,0.038646936,0.03457141,0.025125325,0.039608717,0.035705626,0.06655079,0.06482804,0.043891728,0.08510554,0.059835196,0.03248334,0.03818071,0.031203628,0.024531841,0.035603046,0.047028482,0.09482318,0.09213829,0.08761102,0.045413196,0.071210325,0.11259717,0.1485582,0.03290236,0.037044525,0.037048995,0.034950316,0.06155002,0.058519065,0.08453107,0.06001532,0.073477864,0.07532394,0.04434967,0.06817818,0.06686294,0.06237936,0.068393886,0.13124567,0.08609569,0.07143426,0.0669018,0.10351437,0.10496497,0.06111276,0.04729247,0.047303617,0.16958398,0.049942613,0.057824016,0.031617522,0.0,0.047504008,0.09222287,0.03515172,0.049813926,0.047977626,0.08798671,0.12525386,0.07712972,0.068268895,0.032259762,0.2779231,0.028108299,0.07115537,0.07775229,0.030914724,0.035016477,0.09506935,0.1313625,0.031653166,0.027606845,0.03956437,0.026158512,0.038882375,0.11702311,0.062023044,0.29736322,0.12837857,0.034740746,0.06240189,0.043297112,0.04866314,0.05940807,0.06597638,0.042525053,0.09986925,0.0297032,0.16240948,0.05476427,0.068609715,0.050991237
Q6VN46,0.03560233,0.16808414,0.13588488,0.08843815,0.06463516,0.034202397,0.028398037,0.105520666,0.05898565,0.06983149,0.16962492,0.088626266,0.057817817,0.09754479,0.07512277,0.033951223,0.03317958,0.06553775,0.057471037,0.090474725,0.054941535,0.0971725,0.04713893,0.07679796,0.058661938,0.03053677,0.03474003,0.052369893,0.016677797,0.051056206,0.02930522,0.016028464,0.020377934,0.22846353,0.061100006,0.022158444,0.42003393,0.021054566,0.025031745,0.018506825,0.07798797,0.028108656,0.068119526,0.078959644,0.04078883,0.08643103,0.056631207,0.21777117,0.11775756,0.081596255,0.058030725,0.017042458,0.029055834,0.019624293,0.01657492,0.025995731,0.027782321,0.014656246,0.015898824,0.013475299,0.018289447,0.019551158,0.03613323,0.048155367,0.05011475,0.02418518,0.021761954,0.018482745,0.08465135,0.019985914,0.022138596,0.029203832,0.039933085,0.055243075,0.020368218,0.018164814,0.111961484,0.09590894,0.089426816,0.03922361,0.059812427,0.09938574,0.14081526,0.017199397,0.019642591,0.02066791,0.026574075,0.07181531,0.050095797,0.10712117,0.07685679,0.10599619,0.09079605,0.04217118,0.07384044,0.0863812,0.055701733,0.07116866,0.12049478,0.10394859,0.06707716,0.0924204,0.15832418,0.1436553,0.0894686,0.072092414,0.037444532,0.19672507,0.046289206,0.05700642,0.050254226,0.047504008,0.0,0.09790045,0.041921377,0.051985085,0.031233191,0.12981486,0.13681972,0.07916236,0.08307439,0.015583456,0.25947315,0.022198796,0.08865708,0.07925528,0.041338682,0.039097607,0.10915345,0.17158973,0.03333229,0.03216368,0.014051974,0.031975985,0.05514723,0.13334268,0.07736164,0.32013333,0.1626575,0.038811862,0.05112809,0.06292081,0.07363653,0.062219977,0.06970048,0.018673956,0.09719086,0.052618086,0.1899507,0.07441318,0.05637753,0.065290034
Q70PH6,0.067970276,0.08745688,0.20123863,0.09142381,0.064442515,0.071445584,0.08091557,0.0793795,0.074955106,0.058772624,0.16569728,0.09504467,0.053774834,0.061312437,0.055253506,0.073528826,0.07773131,0.057716668,0.08027816,0.07483411,0.044522166,0.064481676,0.07267189,0.09121978,0.084931135,0.081047654,0.068630576,0.072045386,0.10514116,0.07138294,0.08361375,0.08837223,0.12563032,0.2168178,0.05578822,0.07319647,0.42338794,0.072197974,0.06853491,0.07352471,0.07795644,0.06629777,0.06949741,0.06533563,0.07137644,0.07437104,0.07200515,0.20757598,0.11504251,0.044097006,0.06273544,0.06990129,0.093737364,0.07532257,0.07780546,0.06393814,0.075672925,0.08601463,0.077830315,0.08142626,0.08181983,0.0735721,0.06049019,0.057043314,0.05687356,0.10167712,0.11064869,0.08038336,0.07423675,0.08931482,0.07937634,0.07535744,0.07072431,0.0950461,0.06882113,0.07629454,0.067822754,0.12389827,0.11892229,0.07070851,0.057292998,0.07849133,0.1263789,0.096647084,0.07684034,0.07400453,0.093906224,0.05500883,0.06733173,0.06359267,0.056328714,0.06436783,0.0661878,0.048293054,0.06089294,0.05539435,0.04468614,0.049707055,0.09023517,0.06895167,0.061582565,0.04746771,0.097051024,0.09949213,0.06039393,0.068936765,0.07267088,0.14643955,0.04931611,0.06862956,0.07897842,0.09222287,0.09790045,0.0,0.06447852,0.06137663,0.073105514,0.08002746,0.14840156,0.050548077,0.052972674,0.08218503,0.29080665,0.07030839,0.067064166,0.076981485,0.060900807,0.07166898,0.10972798,0.14536875,0.05118984,0.052761376,0.07667422,0.066942036,0.0631724,0.033921063,0.05379212,0.26358396,0.091522336,0.06583744,0.070124865,0.07770622,0.06278652,0.053963304,0.049310684,0.07656711,0.07989246,0.076162934,0.14573294,0.06384039,0.07936269,0.05112487
Q70T62,0.016084969,0.09993178,0.16323131,0.061811566,0.036904693,0.027924895,0.0141862035,0.06347245,0.030916452,0.02457279,0.13726836,0.06874949,0.024246454,0.04760307,0.032108784,0.027813077,0.032542586,0.02374357,0.028140903,0.07005906,0.023997664,0.05053276,0.014001489,0.051685393,0.02536881,0.027662396,0.016543865,0.026204705,0.043100953,0.029507875,0.021809578,0.030904472,0.07169229,0.20355618,0.020133972,0.02940023,0.41042984,0.013889968,0.018207371,0.018417716,0.034640312,0.010760248,0.03665489,0.030055702,0.02846384,0.048951328,0.023942709,0.18177003,0.08642793,0.035736144,0.019089878,0.021281123,0.03596592,0.021005273,0.01964575,0.0129057765,0.016188204,0.024128616,0.017580092,0.01946491,0.021183193,0.013710797,0.0142198205,0.016358435,0.016925335,0.033055842,0.04108566,0.029007733,0.056453764,0.026560128,0.014826655,0.013628662,0.013805866,0.029184341,0.0237419,0.028838992,0.0667004,0.0632056,0.055214405,0.023444474,0.047857583,0.0904156,0.09291476,0.029517949,0.017928123,0.015313983,0.03685093,0.027323663,0.02613473,0.07330012,0.035462737,0.05303657,0.045232117,0.015325725,0.040444314,0.031111121,0.024204016,0.028404236,0.07574475,0.04671985,0.031865597,0.032013714,0.11015284,0.087115824,0.041375518,0.02570647,0.013982773,0.1491332,0.015513599,0.021784067,0.01911074,0.03515172,0.041921377,0.06447852,0.0,0.018356025,0.012599349,0.061225355,0.09512031,0.034629345,0.034853876,0.019871771,0.2528239,0.019439518,0.046049654,0.040819883,0.017030299,0.020432651,0.08101541,0.12395793,0.020001829,0.01856798,0.01762563,0.014500856,0.012913823,0.105273664,0.032830954,0.27429932,0.09756607,0.018351138,0.040896416,0.022083819,0.042214572,0.031471908,0.02384162,0.025353491,0.08034575,0.021433413,0.15012705,0.03255427,0.024994373,0.022975743
Q70T63,0.02015841,0.086622655,0.17369771,0.05988401,0.03780043,0.03739673,0.01978296,0.072746634,0.023829103,0.021362305,0.14681941,0.063207865,0.021045744,0.047950506,0.039903283,0.039350927,0.04475963,0.021290958,0.026979387,0.0682134,0.02324611,0.055315852,0.018961847,0.031155705,0.023772418,0.02686572,0.018027365,0.018832982,0.05660689,0.032673836,0.02467513,0.042768836,0.0866161,0.1839047,0.01612717,0.035418212,0.4059503,0.02572161,0.026798487,0.030415058,0.03896624,0.020738125,0.03507185,0.031304598,0.026987493,0.059332788,0.034340203,0.15979218,0.08517182,0.040516436,0.01563245,0.0292328,0.053828657,0.028689623,0.028440058,0.026806593,0.031125009,0.036691964,0.030639172,0.033064485,0.034459114,0.029116988,0.020656765,0.025217831,0.026007473,0.03776455,0.046417475,0.04352629,0.052107573,0.03278303,0.024473011,0.023451865,0.018012583,0.04821229,0.03651637,0.042696893,0.058568478,0.08023405,0.06910092,0.02323395,0.0413512,0.09567547,0.10083163,0.04429978,0.030052066,0.026471734,0.054985523,0.02721107,0.026313424,0.06762713,0.039045155,0.050723135,0.045704067,0.017353773,0.03754151,0.028490603,0.023398697,0.025454462,0.07653153,0.049349487,0.029837132,0.03496647,0.10884303,0.077477515,0.04801017,0.027092993,0.023681939,0.13743567,0.014430046,0.021977425,0.02722174,0.049813926,0.051985085,0.06137663,0.018356025,0.0,0.017072916,0.06503916,0.094745815,0.030126035,0.03050667,0.02965486,0.24791265,0.032273293,0.04656315,0.041486144,0.020546854,0.025383234,0.09297478,0.13341218,0.021112323,0.021562696,0.03068167,0.023291945,0.019605637,0.1000548,0.02717632,0.26296926,0.09715623,0.021261454,0.03532332,0.02866429,0.045107245,0.035473883,0.021245956,0.03910482,0.07940185,0.028511107,0.13859743,0.030504465,0.023885489,0.021606922
Q70T64,0.019013166,0.11128843,0.15846169,0.06819868,0.04569602,0.02445507,0.008657098,0.07441634,0.019539177,0.028072298,0.15092361,0.06990564,0.02405274,0.05475837,0.047363162,0.029433668,0.0331344,0.02606535,0.029745936,0.07145268,0.027325392,0.06261021,0.015588641,0.04681915,0.020051718,0.019621253,0.013544738,0.019263506,0.03463632,0.03703487,0.01735878,0.029053628,0.062851906,0.20545226,0.020942092,0.029558182,0.41281372,0.012584686,0.020892978,0.015921593,0.043965876,0.012320459,0.037061393,0.042163253,0.026805818,0.058997393,0.026916146,0.18749857,0.0883984,0.044602334,0.019492984,0.02076161,0.037432134,0.017628074,0.017263174,0.01340729,0.017061412,0.024065852,0.018832803,0.018297434,0.021682382,0.017686367,0.02001071,0.025765955,0.027266145,0.022870958,0.029639542,0.027407527,0.053585112,0.018803418,0.018139005,0.018624961,0.01468873,0.041415334,0.026727557,0.0276407,0.06919855,0.07814962,0.06816381,0.022861004,0.047698975,0.09010953,0.098122,0.026919305,0.017748415,0.015927792,0.03775257,0.033972442,0.02477318,0.080780745,0.04773891,0.06473988,0.052929044,0.01843977,0.045407772,0.039729297,0.027593851,0.029954791,0.079196274,0.058954656,0.03178525,0.04387057,0.1279481,0.096030295,0.052743614,0.034222007,0.010753274,0.15385771,0.01609075,0.019816935,0.024240851,0.047977626,0.031233191,0.073105514,0.012599349,0.017072916,0.0,0.07975072,0.09537423,0.035676897,0.04368794,0.017154217,0.24800587,0.021195173,0.054945886,0.044319212,0.021236777,0.019449353,0.09149879,0.14634603,0.02295661,0.022271156,0.01230526,0.020321727,0.01982677,0.11116505,0.037201703,0.28564924,0.11266792,0.017497241,0.031811178,0.02304864,0.04786998,0.038042307,0.025677681,0.02475673,0.0836364,0.025345862,0.15648973,0.037985742,0.019631743,0.029461503
Q7KLI1,0.06288153,0.07502085,0.22426409,0.07089025,0.057608664,0.07461691,0.074395,0.07938075,0.081706464,0.039442837,0.1561113,0.12455845,0.052875638,0.058744967,0.046850443,0.0824849,0.088917136,0.044941306,0.065604985,0.10195798,0.054884553,0.05861795,0.06345147,0.08706492,0.07015574,0.096331,0.0649305,0.06934661,0.12823617,0.061714113,0.07810044,0.10505962,0.16177464,0.21524322,0.05320221,0.094228625,0.3551718,0.08613241,0.07653785,0.084967256,0.057998836,0.07282865,0.057890594,0.040038288,0.07002747,0.07089776,0.06411648,0.15647477,0.1314233,0.0527007,0.053263664,0.08727449,0.09668273,0.08317804,0.087271154,0.07509565,0.080849946,0.096731305,0.0875687,0.09365702,0.08689457,0.080100894,0.060321927,0.050691843,0.050469816,0.1083889,0.12168932,0.09911567,0.07634014,0.096503854,0.075304806,0.06856078,0.066577375,0.07573956,0.0879249,0.099753916,0.06647074,0.07848412,0.07360399,0.0723533,0.07564443,0.09277761,0.08287871,0.10503334,0.08419788,0.07984251,0.10075992,0.045433342,0.0640707,0.0808748,0.052347362,0.059390724,0.05752307,0.056606352,0.056388497,0.038181722,0.053875268,0.040257514,0.09859228,0.0485757,0.06538826,0.0450992,0.105924964,0.07274908,0.06346536,0.054627,0.07294911,0.086295426,0.05739516,0.05920422,0.06709933,0.08798671,0.12981486,0.08002746,0.061225355,0.06503916,0.07975072,0.0,0.09629357,0.05471182,0.05050063,0.09195936,0.25802273,0.079140544,0.05977106,0.057442486,0.055962265,0.066921175,0.09324843,0.11150825,0.06787193,0.068614125,0.09521288,0.06657189,0.050809503,0.10225946,0.048431754,0.23044509,0.074469924,0.06234318,0.09041357,0.0760088,0.0631088,0.056463063,0.059511244,0.09436226,0.087294996,0.07206392,0.101855755,0.05974394,0.067115724,0.049391508
Q7TPG1,0.09664619,0.12090236,0.2373749,0.10706431,0.10464561,0.1085462,0.09621632,0.12667352,0.09580153,0.08827728,0.18931925,0.15738821,0.08593559,0.11416483,0.095722795,0.116989434,0.123307526,0.085256934,0.07548696,0.1283288,0.096254826,0.10894966,0.099131584,0.12031752,0.10067344,0.11426002,0.09892017,0.099066794,0.13852298,0.10016596,0.10328293,0.12534034,0.1723383,0.25430697,0.09300017,0.121854484,0.2967736,0.102622926,0.10261911,0.10905033,0.103368044,0.10161674,0.10489023,0.092388034,0.095605016,0.11690247,0.09626031,0.14263934,0.1606726,0.11146736,0.08927888,0.10850227,0.12908447,0.10493028,0.10335475,0.10005009,0.10392487,0.11234206,0.106913865,0.10802525,0.10891765,0.10539353,0.09214544,0.09251827,0.09258348,0.117045105,0.13177037,0.11961883,0.12330729,0.11191058,0.09876907,0.09581095,0.088716865,0.11413926,0.11669439,0.122418344,0.12668216,0.12504172,0.12147987,0.09384823,0.120382965,0.14855224,0.104831696,0.119951546,0.10676378,0.103798926,0.13122267,0.097833574,0.100468874,0.14106458,0.1007846,0.114488006,0.109143734,0.09277463,0.101432204,0.09274274,0.095623374,0.093966246,0.14860201,0.106568456,0.099963546,0.09962618,0.17950338,0.13583434,0.11296189,0.09310502,0.09846002,0.117890656,0.0917173,0.08568674,0.091073334,0.12525386,0.13681972,0.14840156,0.09512031,0.094745815,0.09537423,0.09629357,0.0,0.09678888,0.09769249,0.10961008,0.20545954,0.10843903,0.10085505,0.10588008,0.090108156,0.091588676,0.1264354,0.16227198,0.10057664,0.10025805,0.11052698,0.09509373,0.08777279,0.16721004,0.09487784,0.22543567,0.123190165,0.08982694,0.11035782,0.10095918,0.11169356,0.106232405,0.099543154,0.115101695,0.11095011,0.09853238,0.16536832,0.103806436,0.092889786,0.08917159
Q7YWV3,0.03214699,0.075873554,0.20289207,0.047067225,0.033325076,0.036026716,0.03931099,0.049622,0.027379334,0.020573676,0.12406373,0.09958035,0.020377994,0.027925313,0.0276016,0.053911388,0.060312152,0.0130906105,0.03016901,0.07631481,0.011977434,0.038139164,0.03427553,0.0438329,0.043150067,0.05257982,0.035444617,0.033118904,0.072212815,0.043788075,0.051874876,0.05746323,0.11087328,0.17539889,0.013407946,0.048237264,0.40456158,0.03944689,0.035896957,0.04931146,0.031318426,0.038021028,0.02705586,0.02203077,0.03257507,0.045690835,0.037486613,0.17838168,0.10774398,0.021071136,0.02294749,0.04940021,0.0646407,0.043128014,0.049752057,0.037507176,0.046717882,0.05828792,0.04723096,0.051534593,0.049433947,0.04513246,0.027070343,0.025040925,0.024332643,0.05654025,0.07287389,0.057216883,0.052338243,0.04841113,0.044303417,0.04055077,0.029682934,0.062214732,0.051078558,0.057819188,0.031137884,0.088891804,0.07920545,0.035611987,0.024320781,0.07868534,0.07259297,0.0677765,0.046605647,0.04224217,0.071677744,0.01613462,0.028817654,0.059915125,0.014925122,0.04397595,0.029513896,0.020964444,0.016003668,0.013866365,0.011764765,0.015511334,0.06969297,0.03082484,0.01915276,0.014124155,0.09382093,0.04323876,0.04384637,0.026219368,0.03503561,0.124934435,0.01751548,0.017665803,0.033408344,0.07712972,0.07916236,0.050548077,0.034629345,0.030126035,0.035676897,0.05471182,0.09678888,0.0,0.022345483,0.04788989,0.24973768,0.044171274,0.030097365,0.030140996,0.026651919,0.0315091,0.06712097,0.11322075,0.027816176,0.030081868,0.046770036,0.031567276,0.023650885,0.07313633,0.01508224,0.25697154,0.081382155,0.027869642,0.03395629,0.036223173,0.0446198,0.02759111,0.015281498,0.05218184,0.08736789,0.038024485,0.13236517,0.020532906,0.034215987,0.015579164
Q7YZV1,0.03344375,0.06977785,0.1923393,0.041735888,0.02777934,0.039931297,0.043809593,0.03674835,0.032360733,0.026318371,0.10941225,0.09324527,0.022846758,0.018652558,0.02431941,0.06473309,0.0705961,0.02359873,0.034172,0.090207696,0.020749688,0.016963184,0.03509897,0.054140747,0.051294565,0.058573365,0.03755617,0.038143456,0.08758682,0.039946914,0.052969158,0.06845385,0.1222229,0.16411471,0.025467753,0.059516132,0.39357173,0.046186745,0.047768474,0.05379826,0.0253039,0.04094529,0.030483127,0.013474345,0.039100766,0.026268959,0.037102997,0.17039186,0.102745,0.015907288,0.03299558,0.055315375,0.06849861,0.05120325,0.053355694,0.04244721,0.04834503,0.063850164,0.054920852,0.058763385,0.05628425,0.048672915,0.031125128,0.030014098,0.028890848,0.068462014,0.08190107,0.06525147,0.067617655,0.059559464,0.047680676,0.042776406,0.035233557,0.052665353,0.053694904,0.06549871,0.03799641,0.07674885,0.06989539,0.044900894,0.037946224,0.10001153,0.08241069,0.075071454,0.051377833,0.04690343,0.07528472,0.015568912,0.03221363,0.050657034,0.022048175,0.017623246,0.016237497,0.02285099,0.019887686,0.016781092,0.020463407,0.019545794,0.044044554,0.014095247,0.028346002,0.018061042,0.069377124,0.048629045,0.035965085,0.027160287,0.04213345,0.11234641,0.017943144,0.030167043,0.039060473,0.068268895,0.08307439,0.052972674,0.034853876,0.03050667,0.04368794,0.05050063,0.09769249,0.022345483,0.0,0.05380124,0.26693827,0.047890723,0.016910255,0.030329704,0.032687426,0.036426306,0.054578424,0.086990595,0.035794258,0.03756988,0.05443883,0.03614658,0.027467728,0.09300643,0.01008153,0.24420261,0.061049104,0.033228576,0.05426377,0.038792133,0.03557074,0.021197379,0.02330482,0.06009996,0.09234321,0.037243307,0.12504971,0.016576052,0.041860163,0.01436168
Q7ZT21,0.019379675,0.1311931,0.15829396,0.065300226,0.044441402,0.022754014,0.014851749,0.07869309,0.037301064,0.0436489,0.13894075,0.077605486,0.035337567,0.066043854,0.04789996,0.020991147,0.02315104,0.03197384,0.032470345,0.07122308,0.034196734,0.069505215,0.026170075,0.058766067,0.036174476,0.026549637,0.016884804,0.031684697,0.020178676,0.03440672,0.01542443,0.0128932,0.035133183,0.20191789,0.031274855,0.020643473,0.41142207,0.012171924,0.01255703,0.0069180727,0.048967004,0.009836853,0.04415834,0.043911755,0.02657944,0.05880177,0.033420146,0.1938554,0.1003319,0.04999435,0.0295071,0.009369969,0.020759344,0.008302331,0.008478045,0.009144247,0.010278344,0.011618137,0.0063269734,0.0070078373,0.01083976,0.010865331,0.014931679,0.024312198,0.02420187,0.021856189,0.022455812,0.011567056,0.0643478,0.016295016,0.010315657,0.01580596,0.014698863,0.034358382,0.0122100115,0.012608945,0.083032966,0.07633394,0.069048226,0.020099878,0.044514656,0.086880386,0.10627234,0.015685022,0.011466324,0.0112092495,0.019138336,0.041834414,0.0276708,0.07938653,0.046321988,0.07152891,0.056467056,0.022912562,0.043239653,0.052315712,0.034179747,0.043119967,0.094257355,0.06663203,0.038327277,0.055232882,0.12816685,0.100084245,0.06373149,0.043372035,0.018416286,0.1665076,0.022772431,0.034731567,0.029689372,0.032259762,0.015583456,0.08218503,0.019871771,0.02965486,0.017154217,0.09195936,0.10961008,0.04788989,0.05380124,0.0,0.24448657,0.008813381,0.05839634,0.052570224,0.022622943,0.023312688,0.084667444,0.13633716,0.016149938,0.01503849,0.0048571825,0.012159407,0.026701927,0.11265379,0.045167208,0.2974019,0.12871557,0.021113694,0.030190825,0.037952483,0.05410683,0.038978696,0.039028287,0.010153234,0.08578515,0.030650198,0.15977508,0.040579736,0.03620982,0.037799895
Q8AXK2,0.25382388,0.26670152,0.34752858,0.23884672,0.26165533,0.2622571,0.2508301,0.27806973,0.25559062,0.26250702,0.30305803,0.2805463,0.25843734,0.27378935,0.2608624,0.26364726,0.26761937,0.24757397,0.25458074,0.2389772,0.24957532,0.27472574,0.2656883,0.25296837,0.26907498,0.26704484,0.25686002,0.27386212,0.25763822,0.26282263,0.25920874,0.25227523,0.27298158,0.39152682,0.25934285,0.26051092,0.3186261,0.24581522,0.24370831,0.25084817,0.2627172,0.24935716,0.26208538,0.25589746,0.25212514,0.26680523,0.2641515,0.23697603,0.28369617,0.2681203,0.24935532,0.24569577,0.2686109,0.24699706,0.25064385,0.2493974,0.25699502,0.2505778,0.24428022,0.24568748,0.24852747,0.24604529,0.24726897,0.2503314,0.24970639,0.24841326,0.2583812,0.25539684,0.25918114,0.24572212,0.24674743,0.24882162,0.24540174,0.27894908,0.25943124,0.25790358,0.2688353,0.2917828,0.29173553,0.24309146,0.25616133,0.2653097,0.22780031,0.25791156,0.2549051,0.25313628,0.27194232,0.25626385,0.25585663,0.29981548,0.25000942,0.2813881,0.26717305,0.25002998,0.24706799,0.25752187,0.24861056,0.25278693,0.31389165,0.2693333,0.2594754,0.26767057,0.3369189,0.27900243,0.27392328,0.26586634,0.2543655,0.26165473,0.25356376,0.2531113,0.25982052,0.2779231,0.25947315,0.29080665,0.2528239,0.24791265,0.24800587,0.25802273,0.20545954,0.24973768,0.26693827,0.24448657,0.0,0.25261426,0.26236033,0.264274,0.25549847,0.25322437,0.2615739,0.27646148,0.24775738,0.24823362,0.246827,0.2435385,0.25616032,0.30476338,0.26672357,0.31479377,0.29168338,0.2523411,0.24732089,0.27071643,0.26989836,0.2549355,0.2584461,0.25275326,0.21469289,0.268084,0.31211567,0.265105,0.25577766,0.257814
Q8HY34,0.018062472,0.11847776,0.1612714,0.059810877,0.038592577,0.024510503,0.02270782,0.06864661,0.043937087,0.04096365,0.12864637,0.07429075,0.03010875,0.063610256,0.037384987,0.017958283,0.01844734,0.033481,0.03141588,0.06771654,0.031935394,0.061063886,0.023926139,0.05167967,0.043385208,0.033951283,0.017990053,0.033421755,0.031949103,0.031151295,0.023731112,0.021495521,0.04263711,0.2018727,0.032384515,0.020072281,0.40861487,0.0112627745,0.009672821,0.0064661503,0.036939323,0.010391057,0.038383663,0.03814739,0.03027296,0.052092254,0.039890707,0.17821097,0.0933072,0.043670774,0.03382641,0.012455225,0.010653377,0.008485675,0.010751188,0.008105934,0.008419812,0.012337804,0.0068084598,0.007756591,0.008819103,0.009262502,0.011422038,0.016397774,0.01776421,0.02725035,0.03113991,0.01503551,0.06684524,0.02151388,0.009885609,0.014120281,0.016593456,0.022560418,0.011704624,0.015792727,0.07690936,0.0659309,0.060733795,0.028332055,0.04296297,0.07111341,0.10158014,0.015088499,0.007805705,0.008099794,0.010284483,0.03932911,0.03154987,0.06757009,0.03571129,0.06706917,0.04863769,0.025942326,0.043752193,0.04680997,0.032102704,0.038543165,0.092653275,0.05863273,0.03898108,0.047689438,0.113971055,0.08966172,0.0523746,0.032839656,0.026278615,0.1560381,0.025276005,0.03289455,0.0274961,0.028108299,0.022198796,0.07030839,0.019439518,0.032273293,0.021195173,0.079140544,0.10843903,0.044171274,0.047890723,0.008813381,0.25261426,0.0,0.051243782,0.044775307,0.0202353,0.020355463,0.07469165,0.12973917,0.016260087,0.015838385,0.010473371,0.009483874,0.019540668,0.09787011,0.03982234,0.27676523,0.117185056,0.018789232,0.03888154,0.0358842,0.039331436,0.036529005,0.037650883,0.01402837,0.07548541,0.027547657,0.15049022,0.036128104,0.04262799,0.032999218
Q8MPY8,0.044674337,0.0886268,0.1952954,0.038016498,0.03046745,0.042570055,0.054682016,0.032425404,0.046040833,0.03951472,0.09252304,0.11467326,0.032972574,0.020572186,0.02137494,0.06654149,0.0732677,0.034200788,0.036813617,0.09343457,0.029604852,0.013418019,0.052134097,0.062639475,0.06149268,0.066634536,0.048245788,0.04884249,0.09414405,0.047383368,0.061490893,0.07411444,0.12180096,0.16675597,0.036957145,0.06052804,0.3946917,0.054912925,0.048862934,0.06008321,0.02672571,0.05367714,0.037558734,0.019521534,0.05160153,0.01657641,0.048279583,0.16577,0.12613267,0.022074223,0.04559511,0.060690045,0.06551266,0.053262055,0.06099385,0.050062776,0.051627576,0.067681074,0.056566894,0.061344802,0.060795248,0.057370126,0.039236963,0.039566755,0.03610915,0.07883829,0.09287804,0.06680632,0.073910296,0.07122719,0.05541706,0.051240206,0.04108137,0.05280894,0.05838275,0.0690251,0.039339006,0.08634251,0.07899332,0.056436896,0.044058263,0.08877617,0.077408135,0.07556212,0.054598033,0.051772058,0.071603715,0.024757445,0.049842417,0.04322672,0.019343317,0.019401431,0.012982249,0.038051784,0.019708455,0.029948294,0.02921027,0.03242606,0.04522556,0.015951157,0.035441816,0.028430223,0.082307756,0.040513992,0.03805983,0.03249657,0.05566615,0.113278985,0.034098208,0.034320474,0.041645527,0.07115537,0.08865708,0.067064166,0.046049654,0.04656315,0.054945886,0.05977106,0.10085505,0.030097365,0.016910255,0.05839634,0.26236033,0.051243782,0.0,0.03478402,0.04086393,0.03818059,0.036200225,0.06815237,0.041787088,0.04300189,0.0629136,0.044782102,0.031576276,0.08418715,0.018751562,0.2561217,0.06624144,0.03649354,0.059016466,0.04695344,0.03739971,0.025213301,0.045669198,0.06304836,0.09880155,0.04230213,0.12802887,0.02142042,0.0624246,0.02401203
Q8N7X0,0.03874755,0.10564363,0.16964614,0.040620446,0.036204457,0.03664261,0.044100285,0.02607125,0.045967042,0.0331375,0.11127043,0.1023407,0.035746098,0.032877207,0.041484237,0.06330103,0.06407654,0.037330627,0.04076135,0.08236122,0.026053667,0.043382406,0.028859735,0.04397899,0.05789143,0.055235744,0.04041642,0.035063446,0.0793798,0.054648936,0.05393797,0.06572199,0.10448331,0.18414426,0.0345034,0.051325917,0.39291734,0.041626036,0.045863092,0.05113423,0.026742697,0.04419315,0.0033739805,0.02974534,0.04204148,0.05143243,0.04124093,0.17268223,0.11062467,0.036633074,0.04673624,0.05916363,0.061387062,0.05035293,0.051757157,0.04679346,0.052376926,0.06106019,0.05561316,0.056539595,0.049448907,0.047824144,0.040463507,0.037537575,0.043144584,0.053042114,0.06634647,0.061349034,0.069407046,0.049118817,0.046102464,0.0432415,0.044159472,0.06222433,0.05204296,0.060251653,0.047693968,0.08029735,0.07247263,0.05613035,0.04213327,0.0838424,0.06316054,0.06679714,0.044476807,0.04153371,0.067605495,0.03297043,0.028961241,0.056052327,0.030559182,0.05389613,0.027802408,0.036448658,0.031959116,0.034546614,0.026288986,0.03285879,0.059659183,0.032735407,0.03289324,0.04100287,0.0903815,0.060522556,0.054966927,0.032501638,0.045615733,0.12407315,0.036818326,0.028714895,0.044373035,0.07775229,0.07925528,0.076981485,0.040819883,0.041486144,0.044319212,0.057442486,0.10588008,0.030140996,0.030329704,0.052570224,0.264274,0.044775307,0.03478402,0.0,0.035864294,0.035505593,0.044001877,0.113583446,0.046297133,0.04984516,0.050578594,0.042881727,0.033387184,0.10027534,0.024204373,0.26599258,0.08925933,0.03394872,0.0518896,0.052856386,0.05110818,0.035167396,0.03549546,0.057899475,0.08839011,0.050227404,0.12150383,0.035237074,0.03701204,0.034672797
Q8UUR3,0.015460789,0.09532362,0.17057395,0.05031389,0.017766893,0.024594009,0.016244292,0.062397003,0.027787387,0.017387807,0.12245363,0.07429141,0.017105043,0.04818487,0.024497926,0.025812805,0.030066311,0.017863989,0.022019982,0.06385261,0.018429935,0.04843074,0.015851736,0.04599929,0.021413684,0.026332855,0.012539744,0.018383443,0.044363797,0.024622262,0.019194126,0.031824768,0.070382714,0.1887334,0.012453735,0.021618605,0.39866304,0.020079195,0.015623033,0.021727622,0.028949142,0.016625106,0.030373394,0.027417183,0.015572667,0.05707872,0.028725326,0.17364609,0.09221059,0.034450054,0.013998449,0.019788265,0.03723663,0.02262026,0.014469266,0.018029273,0.023531139,0.021216929,0.019630194,0.021515846,0.020947635,0.017628372,0.009695172,0.012449086,0.01335144,0.03216642,0.041816294,0.02853483,0.049057424,0.025365531,0.015315294,0.015554965,0.015969992,0.031562567,0.02216208,0.02877587,0.059724748,0.062981725,0.055769682,0.016035974,0.034398854,0.082246184,0.093102455,0.028731644,0.017596781,0.015888274,0.038289666,0.023703516,0.01932007,0.06539512,0.024281144,0.053428054,0.04270917,0.013296485,0.02948165,0.027892232,0.018074095,0.022688568,0.08883762,0.048801243,0.026076436,0.029201686,0.09821403,0.071471095,0.03868127,0.013829768,0.018325329,0.13091475,0.01871705,0.01262337,0.012565434,0.030914724,0.041338682,0.060900807,0.017030299,0.020546854,0.021236777,0.055962265,0.090108156,0.026651919,0.032687426,0.022622943,0.25549847,0.0202353,0.04086393,0.035864294,0.0,0.012299359,0.06993586,0.113163054,0.012574136,0.011868298,0.02449292,0.01349324,0.011898875,0.09391004,0.021530509,0.2555768,0.08502287,0.010132968,0.027977705,0.026231289,0.034036756,0.030501842,0.025239408,0.024941266,0.0779444,0.017327666,0.13183028,0.028493702,0.023639381,0.018368185
Q8WWM9,0.010194302,0.101554096,0.16544127,0.04362458,0.019206703,0.015641093,0.0140372515,0.06363559,0.025241971,0.026200712,0.10704076,0.07838172,0.022140741,0.042969644,0.02608794,0.026184797,0.032064438,0.025402248,0.02084583,0.068985164,0.025262296,0.046338618,0.022061765,0.03977835,0.035810053,0.028017819,0.017469466,0.021062374,0.045448005,0.019423604,0.025253773,0.03499639,0.07075727,0.18736291,0.019018471,0.025099099,0.40331596,0.023148775,0.016486704,0.025562406,0.022922754,0.022345185,0.028913498,0.02994442,0.028863251,0.044772685,0.031780362,0.16822338,0.09573537,0.03760904,0.026639938,0.021854699,0.027802587,0.022360861,0.021245241,0.020100355,0.021690488,0.02270192,0.02070576,0.021803677,0.020638406,0.022427082,0.013688445,0.017444253,0.013935149,0.03662646,0.04707551,0.031158924,0.06844026,0.032232583,0.019499123,0.018676817,0.021057308,0.02412039,0.023272455,0.032589853,0.057543516,0.062403202,0.057312906,0.030047059,0.035574257,0.07810122,0.10320777,0.026017249,0.018226802,0.017154574,0.030326724,0.02505964,0.028158545,0.06690478,0.027828693,0.05460137,0.04039842,0.022669792,0.026403725,0.03421235,0.025251865,0.026504636,0.084602654,0.04992503,0.023908675,0.034332275,0.10777438,0.07135624,0.039939463,0.020174146,0.026248991,0.13131589,0.024284303,0.010037959,0.013661683,0.035016477,0.039097607,0.07166898,0.020432651,0.025383234,0.019449353,0.066921175,0.091588676,0.0315091,0.036426306,0.023312688,0.25322437,0.020355463,0.03818059,0.035505593,0.012299359,0.0,0.06170112,0.11873269,0.014763057,0.013337791,0.023746252,0.014978111,0.016191721,0.09608483,0.027679622,0.26073718,0.09550005,0.0008969307,0.033275604,0.022970974,0.03171456,0.026855826,0.03479749,0.029346347,0.08224428,0.015516877,0.13499302,0.024887443,0.034570575,0.024422824
Q8WY91,0.07952058,0.13868254,0.19028068,0.030179203,0.046358168,0.0584684,0.085657775,0.033535838,0.07958406,0.086003065,0.0642398,0.15083492,0.08019042,0.05536163,0.055444956,0.09824073,0.10308081,0.08447158,0.070281506,0.112158895,0.061249793,0.04329455,0.0794,0.09389645,0.11018789,0.092478156,0.08198452,0.09053862,0.113178074,0.08455145,0.09750414,0.09900099,0.13470036,0.16671377,0.07849622,0.08213717,0.38740706,0.080794156,0.0788123,0.09018159,0.041015267,0.08749056,0.05278951,0.056984067,0.08868116,0.05061102,0.0797565,0.17955971,0.15311426,0.05189997,0.09532535,0.094935,0.07805824,0.08276105,0.08623272,0.08044094,0.08418423,0.08769047,0.08402634,0.0873912,0.08600819,0.08235341,0.07567704,0.07897258,0.07590932,0.10346246,0.11856282,0.09533179,0.10686755,0.09932691,0.087010026,0.085817754,0.084394634,0.070411146,0.087387085,0.0976066,0.0657267,0.110800445,0.10951567,0.100804925,0.061627626,0.097599864,0.08265507,0.09325576,0.07794839,0.07630426,0.08855456,0.06285703,0.07660055,0.06802076,0.045655906,0.06751841,0.040672958,0.07670742,0.047448575,0.073498905,0.062279284,0.07283437,0.077124536,0.04953766,0.07025111,0.06869787,0.0867632,0.067346096,0.069152534,0.062069952,0.0893023,0.11822951,0.07776421,0.0684033,0.066121876,0.09506935,0.10915345,0.10972798,0.08101541,0.09297478,0.09149879,0.09324843,0.1264354,0.06712097,0.054578424,0.084667444,0.2615739,0.07469165,0.036200225,0.044001877,0.06993586,0.06170112,0.0,0.08367169,0.08028972,0.08066523,0.09041011,0.0788849,0.06870121,0.1228261,0.055801094,0.26419222,0.08388305,0.06482184,0.09243083,0.0727582,0.06484681,0.051397085,0.084073484,0.093007386,0.12136692,0.066399336,0.12595898,0.056142926,0.09519762,0.066319406
Q90259,0.130638,0.14789933,0.25096846,0.10420179,0.09187263,0.11639714,0.14347506,0.0920254,0.14124048,0.11739749,0.122072935,0.18840784,0.10974163,0.076981425,0.07961178,0.14377391,0.14981288,0.10786897,0.11404109,0.16446179,0.10499418,0.06636572,0.13514721,0.15454614,0.13310552,0.15055418,0.12640452,0.13115227,0.17287171,0.13215947,0.13719791,0.1578111,0.19277436,0.23274046,0.1198982,0.14487416,0.39153355,0.14121693,0.12921327,0.13400275,0.10287809,0.12880504,0.11429131,0.082558036,0.13233405,0.070773184,0.118424,0.18851542,0.1997596,0.07853651,0.122275054,0.13293749,0.14789903,0.13936651,0.13849455,0.12779629,0.13174736,0.14705801,0.13620323,0.14272523,0.13783556,0.13279045,0.11901188,0.11641765,0.11197728,0.16343218,0.16916096,0.13720793,0.15636134,0.15157014,0.13284737,0.13168895,0.122995794,0.13273096,0.12690657,0.14032859,0.10515773,0.15664095,0.15593892,0.13142735,0.12772667,0.16454226,0.13003802,0.15786141,0.13674313,0.13420755,0.15348005,0.091728866,0.112843454,0.10005808,0.09358734,0.06358659,0.073892415,0.10617143,0.08227354,0.10003555,0.103135884,0.10619813,0.105454504,0.0730505,0.10549253,0.101444244,0.10277569,0.098838985,0.11300707,0.1151005,0.13249934,0.14416367,0.11492497,0.12134516,0.1295942,0.1313625,0.17158973,0.14536875,0.12395793,0.13341218,0.14634603,0.11150825,0.16227198,0.11322075,0.086990595,0.13633716,0.27646148,0.12973917,0.06815237,0.113583446,0.113163054,0.11873269,0.08367169,0.0,0.1168074,0.1187402,0.1431495,0.124173105,0.11386043,0.16646445,0.09223056,0.26859266,0.09167725,0.11616844,0.13356549,0.13974524,0.120087504,0.08410096,0.122152984,0.13556248,0.15840733,0.12866676,0.1841569,0.093476474,0.14657754,0.10358709
Q90485,0.0111938715,0.09395367,0.1694063,0.054593027,0.027050793,0.024911642,0.019828677,0.06902766,0.032557726,0.022806525,0.122799695,0.063714504,0.017927885,0.04515761,0.025062084,0.021454394,0.02651298,0.016720653,0.025164545,0.06037593,0.019889116,0.05013621,0.027416706,0.04671812,0.032657444,0.027231693,0.015027761,0.022610307,0.04154873,0.018548787,0.020324111,0.02707535,0.05985439,0.1791802,0.015353799,0.019143939,0.40014172,0.019566894,0.008693576,0.017946243,0.036665022,0.015003085,0.036707938,0.02757132,0.025029063,0.048586965,0.034672022,0.1742872,0.089490294,0.03516555,0.02006805,0.009544492,0.033182144,0.01572162,0.01776886,0.015605211,0.018024981,0.020950675,0.0137091875,0.016377807,0.016997933,0.018461525,0.0062761307,0.0113966465,0.009861827,0.036060333,0.04160732,0.022416472,0.06367153,0.02799809,0.014649689,0.01520437,0.014335334,0.037014425,0.015286565,0.022870004,0.05776596,0.07176697,0.06543076,0.019595027,0.03477019,0.07714099,0.11037308,0.027724624,0.01674962,0.015021682,0.032787323,0.023857534,0.026841104,0.058920205,0.025369287,0.04929161,0.042843103,0.013711512,0.026082933,0.031493247,0.01959771,0.025890052,0.08947861,0.051243126,0.02497685,0.031231403,0.10387355,0.07176697,0.041062653,0.025754094,0.024272323,0.13967937,0.017086804,0.018995762,0.023962438,0.031653166,0.03333229,0.05118984,0.020001829,0.021112323,0.02295661,0.06787193,0.10057664,0.027816176,0.035794258,0.016149938,0.24775738,0.016260087,0.041787088,0.046297133,0.012574136,0.014763057,0.08028972,0.1168074,0.0,0.0006932616,0.017359734,0.007830262,0.01602465,0.07726669,0.026239276,0.26097786,0.10234958,0.011120439,0.025806427,0.034919858,0.03843069,0.028503776,0.029838324,0.020072818,0.0726195,0.025374532,0.14256936,0.02286005,0.03923875,0.019665837
Q90486,0.0115430355,0.0950492,0.16977328,0.054460227,0.026390493,0.023628056,0.01837188,0.07189417,0.031332195,0.025167108,0.12141436,0.06325698,0.02015233,0.047079265,0.02579391,0.01904875,0.024848163,0.018287122,0.02475971,0.059381425,0.021814525,0.05060792,0.027147353,0.04913169,0.03240168,0.025761902,0.0139274,0.024391174,0.04000312,0.01857388,0.019007504,0.026031435,0.059373915,0.17978913,0.015590787,0.019157112,0.4037041,0.01960677,0.008791089,0.017369807,0.03699094,0.014732361,0.04026586,0.02962166,0.02583611,0.048651397,0.034310937,0.17661428,0.088896036,0.035670757,0.019800127,0.008629262,0.031200886,0.015034854,0.016347766,0.014443934,0.016145825,0.01815617,0.011978447,0.014789283,0.017192304,0.017846823,0.006143391,0.012696862,0.00967741,0.03739637,0.042692184,0.02155298,0.063385606,0.029633462,0.014673948,0.015671134,0.013969779,0.03266418,0.015192986,0.022440374,0.060346663,0.07348317,0.0671922,0.018926263,0.036251545,0.07859236,0.11370504,0.024391592,0.016468525,0.015070021,0.030144453,0.025385737,0.028531075,0.06050062,0.026930988,0.050824106,0.044233203,0.014441788,0.027472794,0.033615947,0.02159667,0.027187705,0.09173292,0.05284792,0.027321696,0.031719863,0.10669613,0.07451534,0.04102397,0.026200771,0.023388863,0.14149404,0.017702162,0.019737542,0.021146238,0.027606845,0.03216368,0.052761376,0.01856798,0.021562696,0.022271156,0.068614125,0.10025805,0.030081868,0.03756988,0.01503849,0.24823362,0.015838385,0.04300189,0.04984516,0.011868298,0.013337791,0.08066523,0.1187402,0.0006932616,0.0,0.01700449,0.0077704787,0.016138196,0.07969135,0.028354585,0.26195103,0.102544904,0.01022917,0.026989043,0.030748188,0.03757125,0.0286839,0.031508744,0.019247174,0.07309532,0.021591365,0.14426702,0.023928344,0.0405491,0.020422578
Q90487,0.018589973,0.13115674,0.1484608,0.07227534,0.049227,0.022530556,0.014114082,0.0771243,0.037600875,0.042120397,0.14921707,0.073800325,0.032084703,0.06327659,0.0496068,0.023192048,0.02421248,0.03450191,0.035388708,0.07209426,0.03226036,0.070192814,0.023588836,0.056927204,0.03459972,0.02335924,0.016951263,0.030494273,0.018658161,0.035682857,0.016159236,0.014179885,0.033774734,0.21316385,0.03249395,0.0200575,0.41152763,0.0070390105,0.012232304,0.005564809,0.05272597,0.008204579,0.042423308,0.046999335,0.027550578,0.05987376,0.03135866,0.1967721,0.097053826,0.05054736,0.032138526,0.009586334,0.02414304,0.009395003,0.009472191,0.007424295,0.009942055,0.013051748,0.007813275,0.0065499544,0.008920193,0.008701503,0.016613007,0.023814142,0.026010334,0.017843664,0.01845938,0.010294676,0.06699413,0.012496412,0.010073066,0.014095366,0.016201377,0.040869415,0.010192335,0.0104035735,0.08311713,0.07856339,0.07131958,0.02368337,0.049209535,0.08524519,0.107040346,0.016204655,0.009400904,0.0089018345,0.023307025,0.04354292,0.027334154,0.08219135,0.049733937,0.07385224,0.05834675,0.021323442,0.047972023,0.053489983,0.032446444,0.042835414,0.08930975,0.06811404,0.03886944,0.05629933,0.13133788,0.1079855,0.06272298,0.045226574,0.014443934,0.16968673,0.023676515,0.03197223,0.033388615,0.03956437,0.014051974,0.07667422,0.01762563,0.03068167,0.01230526,0.09521288,0.11052698,0.046770036,0.05443883,0.0048571825,0.246827,0.010473371,0.0629136,0.050578594,0.02449292,0.023746252,0.09041011,0.1431495,0.017359734,0.01700449,0.0,0.013174117,0.02822113,0.11140001,0.047364414,0.29807812,0.1293211,0.02144605,0.03203565,0.03960222,0.057190478,0.040186346,0.03791392,0.009299457,0.08145845,0.034309566,0.16358072,0.0438686,0.03501755,0.038639545
Q90864,0.009089351,0.10076052,0.17355877,0.054041922,0.02940774,0.026012361,0.016795158,0.07033688,0.032901227,0.02652198,0.12823313,0.07267648,0.020279348,0.052327335,0.02758199,0.018550158,0.022571623,0.019630432,0.024502456,0.06629044,0.025996983,0.052936852,0.021949172,0.04624772,0.03382194,0.033328712,0.016919196,0.025655568,0.038825333,0.021686554,0.02220428,0.025110006,0.060165226,0.1886211,0.020751357,0.023646474,0.4022631,0.01242882,0.0062626004,0.013400555,0.03220725,0.007928252,0.03706783,0.025674522,0.024640143,0.049486876,0.030848801,0.17208683,0.089826226,0.041449606,0.022009492,0.011253536,0.023874879,0.010603309,0.013063312,0.009955704,0.01205045,0.015138626,0.008932412,0.010520101,0.009484172,0.009311378,0.0014331341,0.006202221,0.0060907006,0.027706027,0.03447795,0.024450421,0.06660491,0.022103071,0.006999016,0.007571757,0.009757757,0.023737073,0.017332554,0.025942922,0.066007614,0.0580768,0.052540243,0.020361006,0.03811288,0.081551194,0.10035962,0.02111733,0.011770129,0.010152817,0.024616778,0.027629793,0.027654171,0.069987,0.026640713,0.05521363,0.04425049,0.016897082,0.03126955,0.031460643,0.025728285,0.029976845,0.093811154,0.052465558,0.029077053,0.03390801,0.10854119,0.078448534,0.042883635,0.02320069,0.022675097,0.14676517,0.018431723,0.021989286,0.019391239,0.026158512,0.031975985,0.066942036,0.014500856,0.023291945,0.020321727,0.06657189,0.09509373,0.031567276,0.03614658,0.012159407,0.2435385,0.009483874,0.044782102,0.042881727,0.01349324,0.014978111,0.0788849,0.124173105,0.007830262,0.0077704787,0.013174117,0.0,0.013276339,0.094637215,0.028718293,0.26796323,0.10611409,0.012937307,0.031202376,0.030446827,0.037261426,0.03389412,0.027968585,0.021681428,0.077397704,0.021800399,0.14278841,0.024198532,0.03530848,0.020241737
Q90YJ2,0.0145789385,0.085986495,0.18736768,0.04849255,0.028486311,0.031548083,0.01946485,0.057697594,0.028853893,0.01705134,0.11096287,0.07330972,0.017080188,0.045733154,0.022351861,0.030148804,0.035173595,0.0151747465,0.022011638,0.067993045,0.02144897,0.045604587,0.017833173,0.041618407,0.026964366,0.03534752,0.01568079,0.022400618,0.058054507,0.023472428,0.027909935,0.04007882,0.08632648,0.17649311,0.011985481,0.027537227,0.40132958,0.020838678,0.016866744,0.025016725,0.018998861,0.017844379,0.031041145,0.019109428,0.029388368,0.046493053,0.037166297,0.16191345,0.08660954,0.031132579,0.017842293,0.029353678,0.034523845,0.024131894,0.026819944,0.020252585,0.02051413,0.031170309,0.022402287,0.02546084,0.02539134,0.021588862,0.009830952,0.00975275,0.009570658,0.039804876,0.053870857,0.039279997,0.055161655,0.033167064,0.019768655,0.01753807,0.013852119,0.024760723,0.03223169,0.03935182,0.05196923,0.057536423,0.049133837,0.027406454,0.040403664,0.0768311,0.08871025,0.035642028,0.019119203,0.01677072,0.038464904,0.017026603,0.030169785,0.06387198,0.01784885,0.04682386,0.034933627,0.019853175,0.028369129,0.02194935,0.02130276,0.02011776,0.08194679,0.036737263,0.024461389,0.019775212,0.10462463,0.05924982,0.02649206,0.008776128,0.022138298,0.13029993,0.018380582,0.0121484995,0.013598621,0.038882375,0.05514723,0.0631724,0.012913823,0.019605637,0.01982677,0.050809503,0.08777279,0.023650885,0.027467728,0.026701927,0.25616032,0.019540668,0.031576276,0.033387184,0.011898875,0.016191721,0.06870121,0.11386043,0.01602465,0.016138196,0.02822113,0.013276339,0.0,0.09111291,0.018897474,0.25300044,0.087780416,0.013558745,0.03830242,0.020315647,0.026350975,0.03036964,0.02396661,0.03554535,0.0799793,0.01621002,0.13585562,0.016589105,0.032837033,0.013360262
Q95J88,0.09676349,0.11646807,0.23401225,0.10278565,0.087634504,0.097344875,0.11287993,0.10092157,0.1067003,0.09139192,0.17083359,0.13558418,0.08278167,0.08818275,0.07978958,0.101827145,0.10784656,0.08575052,0.10321039,0.10558027,0.08000249,0.089081466,0.11113429,0.1188643,0.119543314,0.118304014,0.10435057,0.096818745,0.14706075,0.09732294,0.11593443,0.12512529,0.15996563,0.2235015,0.0840888,0.10341066,0.43818963,0.10990381,0.09121448,0.10740769,0.10196656,0.10649991,0.09523922,0.09137529,0.101812184,0.097958386,0.104495645,0.22269082,0.16013992,0.08031601,0.0981127,0.0955621,0.12078607,0.10042775,0.11024755,0.09583491,0.105748236,0.11806512,0.107020676,0.11165482,0.11118382,0.11202276,0.087011635,0.0841074,0.08328712,0.13895887,0.14981878,0.114076614,0.09347719,0.12821966,0.10951221,0.105909705,0.09708935,0.11755687,0.10067248,0.111818194,0.07879144,0.14740539,0.14315766,0.10433674,0.069104254,0.06492746,0.13233691,0.1254121,0.10954517,0.10738975,0.11932212,0.09081566,0.10584396,0.077869356,0.075250566,0.09827107,0.09261781,0.08824867,0.07927692,0.08747691,0.07990116,0.08253741,0.13456833,0.09710312,0.08916509,0.07880604,0.1293143,0.10427576,0.088683724,0.095086396,0.11665815,0.15895367,0.08917719,0.09436536,0.10249239,0.11702311,0.13334268,0.033921063,0.105273664,0.1000548,0.11116505,0.10225946,0.16721004,0.07313633,0.09300643,0.11265379,0.30476338,0.09787011,0.08418715,0.10027534,0.09391004,0.09608483,0.1228261,0.16646445,0.07726669,0.07969135,0.11140001,0.094637215,0.09111291,0.0,0.08456904,0.2766388,0.117607534,0.09074098,0.08577472,0.112056434,0.082834065,0.09289819,0.088940084,0.11111629,0.10436779,0.10502243,0.15303773,0.08841562,0.11999029,0.08256471
Q966A3,0.026806831,0.07603729,0.19442248,0.04055655,0.020531356,0.03385389,0.038058817,0.040156603,0.029451728,0.0189327,0.10776502,0.08726853,0.01649493,0.021670938,0.020649016,0.049952507,0.054960907,0.014352739,0.024217308,0.07490671,0.016779184,0.02434653,0.026897848,0.04225111,0.03737992,0.04530996,0.026729941,0.024172843,0.074870884,0.03362125,0.040429235,0.058119297,0.10738033,0.15655631,0.014165878,0.043889344,0.39782602,0.038065195,0.035875857,0.04474181,0.02113086,0.03283,0.02215749,0.012984276,0.031367123,0.033091724,0.03613764,0.16595685,0.0956462,0.01689899,0.023218274,0.047601163,0.057028413,0.041834176,0.04375112,0.03821343,0.04218799,0.052519202,0.044816256,0.047963977,0.045684338,0.043679655,0.023191154,0.022271812,0.022168875,0.05309093,0.06581622,0.057131946,0.06038046,0.04751563,0.03870803,0.034381986,0.029546022,0.049116313,0.046384573,0.056907237,0.037130237,0.07279801,0.06260508,0.03518504,0.03219813,0.08567852,0.07482499,0.06112969,0.039475083,0.036076963,0.06360304,0.011682868,0.02326101,0.04295218,0.01712823,0.024252057,0.012974918,0.018444061,0.015189469,0.015114009,0.016142309,0.013529301,0.053484082,0.017372012,0.015841484,0.013975143,0.073316395,0.041618407,0.03559321,0.017345846,0.035707593,0.1144703,0.017524064,0.019592226,0.032980323,0.062023044,0.07736164,0.05379212,0.032830954,0.02717632,0.037201703,0.048431754,0.09487784,0.01508224,0.01008153,0.045167208,0.26672357,0.03982234,0.018751562,0.024204373,0.021530509,0.027679622,0.055801094,0.09223056,0.026239276,0.028354585,0.047364414,0.028718293,0.018897474,0.08456904,0.0,0.25071508,0.06722063,0.023703873,0.035752058,0.036649346,0.034112573,0.020631313,0.017775595,0.05256772,0.08639783,0.033225298,0.12378156,0.010912955,0.03514254,0.013044238
Q98980,0.26043588,0.09672165,0.3511824,0.24495167,0.25409532,0.2854731,0.2891593,0.2798313,0.28577018,0.25879884,0.28102297,0.24361652,0.24604225,0.26982063,0.23984355,0.28447342,0.28756624,0.25727898,0.25664306,0.27803522,0.25987452,0.25608712,0.26500988,0.23916018,0.29009378,0.29242992,0.27198625,0.27482623,0.3195234,0.24341482,0.28451473,0.30241513,0.3357044,0.37589204,0.26058966,0.2769729,0.31665534,0.27754843,0.27227783,0.287776,0.24727172,0.2856502,0.26542604,0.23902845,0.2658388,0.26612037,0.29319572,0.17688066,0.23946846,0.2626176,0.2664079,0.28667992,0.28894597,0.2859524,0.2826445,0.2856595,0.28679985,0.28512734,0.2852031,0.28656024,0.27780277,0.2804734,0.2608267,0.25051135,0.24792612,0.30532897,0.32089168,0.29629672,0.2757464,0.30194205,0.27636743,0.26995087,0.2741605,0.2780311,0.2811337,0.2929513,0.25389093,0.26422524,0.26867998,0.27870184,0.27396876,0.2517528,0.27804512,0.2945816,0.27553755,0.27471173,0.29303628,0.25684136,0.27878267,0.282189,0.24069715,0.26575112,0.2616781,0.26412755,0.2576878,0.24670607,0.25899374,0.24521655,0.30481017,0.2528457,0.26496112,0.24610108,0.30496597,0.2686752,0.22273517,0.23439014,0.29237598,0.19196022,0.2714935,0.2506922,0.2672674,0.29736322,0.32013333,0.26358396,0.27429932,0.26296926,0.28564924,0.23044509,0.22543567,0.25697154,0.24420261,0.2974019,0.31479377,0.27676523,0.2561217,0.26599258,0.2555768,0.26073718,0.26419222,0.26859266,0.26097786,0.26195103,0.29807812,0.26796323,0.25300044,0.2766388,0.25071508,0.0,0.23954672,0.260364,0.296835,0.27797574,0.22846556,0.26457024,0.2732829,0.29296285,0.22561842,0.26554006,0.24425322,0.25536102,0.2906769,0.23937607
Q9CQE0,0.1011157,0.10621476,0.24371195,0.088961124,0.074908495,0.10264963,0.10961318,0.08509016,0.097955465,0.08511263,0.15247703,0.16462374,0.077685,0.07059342,0.072259784,0.12539816,0.13287425,0.08494884,0.09274703,0.1351453,0.08028251,0.066826224,0.09761542,0.1244182,0.100292444,0.124264896,0.09917927,0.09652513,0.16315395,0.09820634,0.11558324,0.14445394,0.19668084,0.23739225,0.08424038,0.12587553,0.3771332,0.116651595,0.115053475,0.12332839,0.08895892,0.11102742,0.09398496,0.07245588,0.09677905,0.08047938,0.097169936,0.18999213,0.17515647,0.06559503,0.091407,0.1238054,0.1383599,0.12290043,0.11843467,0.10745883,0.11722809,0.13023424,0.12565774,0.12927538,0.12254834,0.11354387,0.09735656,0.08940899,0.088282466,0.14260042,0.15699136,0.13270128,0.10565871,0.13223743,0.11153966,0.10370457,0.10013449,0.10903746,0.11918628,0.13407743,0.09199178,0.12053555,0.11995816,0.10518825,0.0939551,0.13209707,0.102969825,0.14006692,0.11751515,0.113476634,0.14708549,0.07810736,0.092449844,0.091281414,0.07750988,0.06892693,0.06856817,0.084854245,0.076420724,0.07635033,0.078688025,0.07718438,0.093560755,0.06807923,0.08509505,0.07369411,0.1183871,0.10126883,0.08644819,0.07836419,0.10508335,0.10334307,0.08571309,0.08642179,0.09456056,0.12837857,0.1626575,0.091522336,0.09756607,0.09715623,0.11266792,0.074469924,0.123190165,0.081382155,0.061049104,0.12871557,0.29168338,0.117185056,0.06624144,0.08925933,0.08502287,0.09550005,0.08388305,0.09167725,0.10234958,0.102544904,0.1293211,0.10611409,0.087780416,0.117607534,0.06722063,0.23954672,0.0,0.09306502,0.11230409,0.09501171,0.09070194,0.08096868,0.08485234,0.12800944,0.1316179,0.092345595,0.118866086,0.0828644,0.10173768,0.07577455
Q9CX80,0.008078098,0.09679747,0.1680398,0.045391083,0.019177914,0.015126228,0.01261735,0.06214857,0.024348736,0.021205604,0.11132717,0.07583654,0.017353535,0.03873098,0.023792148,0.023812294,0.029334188,0.019922853,0.01843965,0.06667048,0.020709515,0.044175565,0.019471407,0.037588894,0.030938864,0.025823653,0.013437927,0.017564178,0.04476309,0.016734898,0.021004975,0.03325939,0.069713116,0.1838445,0.014863074,0.023426235,0.40083027,0.02146852,0.014265895,0.02242142,0.02374202,0.018776178,0.026742041,0.026357174,0.025274932,0.04319364,0.028460026,0.16689193,0.09336382,0.033392727,0.021986008,0.019112468,0.029011488,0.019833624,0.01951158,0.017753005,0.019301355,0.022271812,0.01924634,0.02044195,0.019435108,0.02088511,0.011166036,0.014038563,0.011588991,0.03507197,0.04426962,0.028372288,0.06473845,0.029616356,0.0170573,0.016128778,0.017932236,0.026789248,0.020478666,0.029522419,0.055297136,0.061325848,0.05551815,0.025633335,0.034143865,0.07549065,0.09968352,0.025847673,0.016478717,0.015163302,0.030745506,0.021333456,0.023339748,0.06257069,0.025912642,0.05033648,0.037144125,0.018460214,0.02350068,0.029931545,0.020564914,0.022007346,0.081738055,0.046301186,0.019797623,0.03022033,0.10542053,0.06758565,0.039090574,0.019106746,0.022744596,0.12814665,0.020054221,0.008684933,0.015246451,0.034740746,0.038811862,0.06583744,0.018351138,0.021261454,0.017497241,0.06234318,0.08982694,0.027869642,0.033228576,0.021113694,0.2523411,0.018789232,0.03649354,0.03394872,0.010132968,0.0008969307,0.06482184,0.11616844,0.011120439,0.01022917,0.02144605,0.012937307,0.013558745,0.09074098,0.023703873,0.260364,0.09306502,0.0,0.029115498,0.024337113,0.032545626,0.024436295,0.02996254,0.026448548,0.078769386,0.017280757,0.13265097,0.021624148,0.032015383,0.020875275
Q9DDJ0,0.036376297,0.12201637,0.18873328,0.07011163,0.04423201,0.034984052,0.030525148,0.07980198,0.032886863,0.04421401,0.1438809,0.092760146,0.037525356,0.053790092,0.057406068,0.037855506,0.042228043,0.030085564,0.03840953,0.05997646,0.032375038,0.06880891,0.03722304,0.06046599,0.03828937,0.037353635,0.03104496,0.024944365,0.051491797,0.052401006,0.032786667,0.043646216,0.07662964,0.19172949,0.025745511,0.04017192,0.41907722,0.034372747,0.03090179,0.032465756,0.058295667,0.027107835,0.041548073,0.053150177,0.032695174,0.06857711,0.039316595,0.20394707,0.106989086,0.0491212,0.031058013,0.030994833,0.05975151,0.032778263,0.030425489,0.03140056,0.040014267,0.039600074,0.035046518,0.034279346,0.037332952,0.038113534,0.027821064,0.034270167,0.03676039,0.036441743,0.043524623,0.043860078,0.060807288,0.03179413,0.03440219,0.036049843,0.03239858,0.06751883,0.040548086,0.04530531,0.07196355,0.0969038,0.08793777,0.02433747,0.028601289,0.08582425,0.08667338,0.045446873,0.03848046,0.036885023,0.058678865,0.04189098,0.027139187,0.06960541,0.048629463,0.066143334,0.054765105,0.024630606,0.03518802,0.05298859,0.03158778,0.04063368,0.10319269,0.068547666,0.02835232,0.049956262,0.11819363,0.08428055,0.07915187,0.04761958,0.03291017,0.16240168,0.029121757,0.034320354,0.042337418,0.06240189,0.05112809,0.070124865,0.040896416,0.03532332,0.031811178,0.09041357,0.11035782,0.03395629,0.05426377,0.030190825,0.24732089,0.03888154,0.059016466,0.0518896,0.027977705,0.033275604,0.09243083,0.13356549,0.025806427,0.026989043,0.03203565,0.031202376,0.03830242,0.08577472,0.035752058,0.296835,0.11230409,0.029115498,0.0,0.049384594,0.07214612,0.046852946,0.027577639,0.040863812,0.091623425,0.04555142,0.15567529,0.03983718,0.036210418,0.043385863
Q9ER97,0.03082937,0.10264748,0.1978656,0.051095426,0.039016545,0.03838271,0.023355782,0.071175694,0.01599282,0.041160166,0.10868895,0.07984924,0.04091692,0.058487713,0.0468176,0.04964137,0.05943972,0.03755188,0.03715527,0.074021995,0.039232433,0.057132244,0.028174102,0.059965372,0.04091865,0.040372252,0.028066635,0.037278473,0.06763703,0.04496032,0.04398632,0.055704832,0.10920143,0.16973001,0.02109921,0.046727955,0.43620235,0.034480512,0.039145708,0.04142511,0.029892683,0.032749534,0.051570654,0.04540968,0.04783398,0.05881548,0.044283807,0.19222677,0.09710771,0.042388856,0.031942546,0.043485403,0.047296643,0.037984908,0.037848055,0.026451051,0.029249966,0.042100787,0.03689444,0.040228426,0.048097312,0.03883779,0.026241124,0.03612137,0.029535592,0.058880687,0.07435274,0.054442763,0.06496769,0.053453267,0.041698396,0.040587544,0.026537716,0.023329198,0.050004482,0.05765444,0.06301087,0.09174001,0.0835349,0.04313326,0.046014488,0.1020692,0.11396617,0.04670465,0.03911072,0.036562085,0.053199828,0.03515798,0.04823816,0.07953787,0.037811458,0.06163448,0.050371706,0.033848226,0.0446679,0.042066336,0.04000604,0.041357875,0.093211114,0.055299044,0.042263567,0.031809866,0.11364555,0.07990283,0.04137355,0.023607671,0.027236402,0.15167928,0.02719903,0.027198136,0.010569215,0.043297112,0.06292081,0.07770622,0.022083819,0.02866429,0.02304864,0.0760088,0.10095918,0.036223173,0.038792133,0.037952483,0.27071643,0.0358842,0.04695344,0.052856386,0.026231289,0.022970974,0.0727582,0.13974524,0.034919858,0.030748188,0.03960222,0.030446827,0.020315647,0.112056434,0.036649346,0.27797574,0.09501171,0.024337113,0.049384594,0.0,0.035470903,0.04369402,0.033580184,0.050492167,0.10350746,0.004516721,0.14866191,0.030471027,0.04004413,0.030117095
Q9GL60,0.034941435,0.08272916,0.18773776,0.045174003,0.031227231,0.04723555,0.046264887,0.071546376,0.04590726,0.0389449,0.0951699,0.08743721,0.035972595,0.06302136,0.032193482,0.05771172,0.06380999,0.042876124,0.044647872,0.08736831,0.044606388,0.049036205,0.041122198,0.056822717,0.05841428,0.0636366,0.041659355,0.04843813,0.08266628,0.03835827,0.056590736,0.06541461,0.10843068,0.1775763,0.035904646,0.049071014,0.4010389,0.049199164,0.045463264,0.05218798,0.02217573,0.04953885,0.050299168,0.03407681,0.04918015,0.05585271,0.060753882,0.16185468,0.108278215,0.044332862,0.04446733,0.05305767,0.047683,0.048801124,0.05004084,0.044175863,0.042797923,0.055307746,0.048820853,0.05279678,0.052253902,0.050561666,0.03233266,0.034872413,0.029368997,0.07305342,0.08551574,0.06377059,0.06626552,0.06659418,0.04922217,0.047216117,0.04011035,0.028562725,0.052119136,0.0627439,0.0532192,0.07338941,0.066758096,0.05954349,0.050236583,0.0717476,0.11508417,0.062066615,0.044607818,0.04354793,0.05373597,0.03322524,0.056862056,0.07971746,0.029652715,0.056765556,0.048418283,0.043346524,0.043905377,0.03553945,0.044804752,0.03652364,0.095202446,0.049014628,0.049861073,0.034538567,0.09249097,0.06414837,0.013237834,0.02383399,0.052931428,0.120489836,0.039697707,0.0362038,0.02866143,0.04866314,0.07363653,0.06278652,0.042214572,0.045107245,0.04786998,0.0631088,0.11169356,0.0446198,0.03557074,0.05410683,0.26989836,0.039331436,0.03739971,0.05110818,0.034036756,0.03171456,0.06484681,0.120087504,0.03843069,0.03757125,0.057190478,0.037261426,0.026350975,0.082834065,0.034112573,0.22846556,0.09070194,0.032545626,0.07214612,0.035470903,0.0,0.04342997,0.052103817,0.06071484,0.08841753,0.025874317,0.12457657,0.030980945,0.062072814,0.025915384
Q9GYP4,0.031182528,0.08879167,0.16586822,0.043082893,0.021463275,0.018897712,0.03770256,0.04749608,0.04002905,0.03076148,0.11078817,0.08999175,0.03022027,0.023306727,0.02088797,0.04440427,0.04982245,0.025037706,0.029412746,0.075635254,0.017164588,0.024110198,0.03536445,0.05495292,0.048861325,0.03994018,0.02770871,0.041119993,0.056660235,0.035212636,0.03959924,0.045286298,0.08268726,0.17021608,0.02824682,0.04241854,0.40491635,0.038654983,0.035771072,0.039083958,0.032051325,0.03408128,0.02996236,0.02125001,0.04174465,0.024488986,0.03319961,0.17727709,0.10486007,0.0116432905,0.031643093,0.042814195,0.044362485,0.038651705,0.042615294,0.03378266,0.03632766,0.04711187,0.03848344,0.043031752,0.043000102,0.039907873,0.031993747,0.03272617,0.02914381,0.056741357,0.063990295,0.040167093,0.069292784,0.047804356,0.040418208,0.039875865,0.035794497,0.049776137,0.035381854,0.040789545,0.039556682,0.08239335,0.0741961,0.040974796,0.036622524,0.08762056,0.091994345,0.054087102,0.037519157,0.0353207,0.049174905,0.015045404,0.027101338,0.045148194,0.02812177,0.025909781,0.017998397,0.0183931,0.017290354,0.025058627,0.017182171,0.019393206,0.039848268,0.021277487,0.023893416,0.026263654,0.069358885,0.055462062,0.046830654,0.04063958,0.034653008,0.124133885,0.021101058,0.02933675,0.04243833,0.05940807,0.062219977,0.053963304,0.031471908,0.035473883,0.038042307,0.056463063,0.106232405,0.02759111,0.021197379,0.038978696,0.2549355,0.036529005,0.025213301,0.035167396,0.030501842,0.026855826,0.051397085,0.08410096,0.028503776,0.0286839,0.040186346,0.03389412,0.03036964,0.09289819,0.020631313,0.26457024,0.08096868,0.024436295,0.046852946,0.04369402,0.04342997,0.0,0.03351909,0.038104475,0.07727182,0.040924072,0.13963711,0.025512218,0.04559219,0.025139034
Q9I7P6,0.0314399,0.08601028,0.1976338,0.061313927,0.03841889,0.03924024,0.033072293,0.057597518,0.025092542,0.023230016,0.14281768,0.086212635,0.020626247,0.037526667,0.03778857,0.04484135,0.04944676,0.015393376,0.03445971,0.06627411,0.018719375,0.045927882,0.02275914,0.050184965,0.034753382,0.0451082,0.029518247,0.026562631,0.06568384,0.04773605,0.04309559,0.054186285,0.10518032,0.1847102,0.015222073,0.04882258,0.4163748,0.031219125,0.035981894,0.038018405,0.038374186,0.02256918,0.02965784,0.029227614,0.029387355,0.053301215,0.029642045,0.18673837,0.08740044,0.026354015,0.018281937,0.04249227,0.063438416,0.039679706,0.03852445,0.029080212,0.04118043,0.049145103,0.04211563,0.044414937,0.043961108,0.034965932,0.024500668,0.023615777,0.026238203,0.045874715,0.057894528,0.055423558,0.052863717,0.038817942,0.036231756,0.03373444,0.027264178,0.05831039,0.04736322,0.05409926,0.050237954,0.08211619,0.07386643,0.026564002,0.03048706,0.08998215,0.07514405,0.05892402,0.041606247,0.037012935,0.066863894,0.022755325,0.019081235,0.06263518,0.031707168,0.047510803,0.037777662,0.015769541,0.028988242,0.019025743,0.018547237,0.017522395,0.07267916,0.03886062,0.021362603,0.019716859,0.09123522,0.064689994,0.053895175,0.030586362,0.027457595,0.1412543,0.010907173,0.02773571,0.03600973,0.06597638,0.06970048,0.049310684,0.02384162,0.021245956,0.025677681,0.059511244,0.099543154,0.015281498,0.02330482,0.039028287,0.2584461,0.037650883,0.045669198,0.03549546,0.025239408,0.03479749,0.084073484,0.122152984,0.029838324,0.031508744,0.03791392,0.027968585,0.02396661,0.088940084,0.017775595,0.2732829,0.08485234,0.02996254,0.027577639,0.033580184,0.052103817,0.03351909,0.0,0.04962057,0.08725667,0.03803456,0.14209682,0.025554061,0.022668958,0.02090931
Q9I9I3,0.026767373,0.13035643,0.15100336,0.0811975,0.049874067,0.025367737,0.024208188,0.080601454,0.049128056,0.044381976,0.15389621,0.08240962,0.03459859,0.06795406,0.047917545,0.028243959,0.027540088,0.03723508,0.039075255,0.07787669,0.034061313,0.07251042,0.030851126,0.0650574,0.04177147,0.03097248,0.021020353,0.04009849,0.01855594,0.037569225,0.01762104,0.0141631365,0.027967691,0.22436017,0.0378384,0.022199154,0.40894818,0.01666826,0.01901722,0.009169996,0.059790134,0.017317057,0.049526334,0.04853469,0.025460064,0.06278467,0.034373343,0.20172727,0.11230904,0.049466312,0.0336411,0.013484061,0.02798748,0.017392457,0.01188153,0.012890756,0.014495909,0.017624497,0.013121426,0.012945831,0.014854372,0.015891612,0.024308503,0.02940017,0.030827463,0.027948916,0.024912179,0.0004760623,0.06690121,0.019626796,0.015599906,0.021679044,0.02083689,0.048110187,0.0040555596,0.0014548302,0.092145085,0.088368475,0.08126521,0.022468328,0.056121707,0.09158015,0.11044866,0.022936225,0.014543295,0.015063822,0.024918497,0.046683848,0.029888213,0.08069211,0.051859736,0.076023996,0.060797393,0.024641931,0.050504267,0.055846095,0.0337919,0.04582697,0.088879645,0.07021338,0.044712782,0.05914879,0.13272661,0.110805094,0.068627715,0.051579952,0.021493375,0.16986471,0.028126478,0.03814429,0.040272057,0.042525053,0.018673956,0.07656711,0.025353491,0.03910482,0.02475673,0.09436226,0.115101695,0.05218184,0.06009996,0.010153234,0.25275326,0.01402837,0.06304836,0.057899475,0.024941266,0.029346347,0.093007386,0.13556248,0.020072818,0.019247174,0.009299457,0.021681428,0.03554535,0.11111629,0.05256772,0.29296285,0.12800944,0.026448548,0.040863812,0.050492167,0.06071484,0.038104475,0.04962057,0.0,0.08325416,0.041896403,0.16940492,0.052435935,0.042305887,0.041458786
Q9NL48,0.07960421,0.11117488,0.18169433,0.09975499,0.08680445,0.08248913,0.08603734,0.11325753,0.10116148,0.08278513,0.17979854,0.10418016,0.08431786,0.101882935,0.085351706,0.07385504,0.07585913,0.07700354,0.07951981,0.07803303,0.07360947,0.10608125,0.08231449,0.09121394,0.09850973,0.08384591,0.076682866,0.09073597,0.10017562,0.08734447,0.08741146,0.08947778,0.10947287,0.24759114,0.08248013,0.08083093,0.33059204,0.07827616,0.07331288,0.0789153,0.09578425,0.07904112,0.081201375,0.085817456,0.08744162,0.10367066,0.09499431,0.15786803,0.11143237,0.084635794,0.08163124,0.07763994,0.08725828,0.077509224,0.08215433,0.08049089,0.08412546,0.08299202,0.07692182,0.07935083,0.0816018,0.07955313,0.07642853,0.07516205,0.07730609,0.0951131,0.10319883,0.085297525,0.09636468,0.089550495,0.08083117,0.081658244,0.086524546,0.103331566,0.07939345,0.08146232,0.09819418,0.12226689,0.11607498,0.08651453,0.09213191,0.08447158,0.11602253,0.08696264,0.079203784,0.07851088,0.08555108,0.084955156,0.08385056,0.10704756,0.08533466,0.10666752,0.09540063,0.074594796,0.088008165,0.08638656,0.07373762,0.07610822,0.12779754,0.09691697,0.08912212,0.090030074,0.15401739,0.12271303,0.09592229,0.09201378,0.08902478,0.13284338,0.078896165,0.08298129,0.09333056,0.09986925,0.09719086,0.07989246,0.08034575,0.07940185,0.0836364,0.087294996,0.11095011,0.08736789,0.09234321,0.08578515,0.21469289,0.07548541,0.09880155,0.08839011,0.0779444,0.08224428,0.12136692,0.15840733,0.0726195,0.07309532,0.08145845,0.077397704,0.0799793,0.10436779,0.08639783,0.22561842,0.1316179,0.078769386,0.091623425,0.10350746,0.08841753,0.07727182,0.08725667,0.08325416,0.0,0.09804356,0.1543243,0.09594238,0.09250748,0.08343691
Q9NPG2,0.023000777,0.1017074,0.18933427,0.04416281,0.028681695,0.032658935,0.020381272,0.07005751,0.020773172,0.03810799,0.09754932,0.07656783,0.035569966,0.058641434,0.03801644,0.042262256,0.051299572,0.03467524,0.031689703,0.0737586,0.038458824,0.053485334,0.026782215,0.05746895,0.03805095,0.038689554,0.024186313,0.03192699,0.060806036,0.03407234,0.03663248,0.047045887,0.09553927,0.17175728,0.019758165,0.03686267,0.4238491,0.030821204,0.030022204,0.034746706,0.024653792,0.029453456,0.047686994,0.039028704,0.039811194,0.05542469,0.042796373,0.18236375,0.09729105,0.042415857,0.030157208,0.03300649,0.037163317,0.031756997,0.029025495,0.02270192,0.024546921,0.0322963,0.02847886,0.031543374,0.03717518,0.03205347,0.01789993,0.027781844,0.021103501,0.053560197,0.067436695,0.0452978,0.06513476,0.047954977,0.032227635,0.032032847,0.022479355,0.013680935,0.038512588,0.048223317,0.06260687,0.07862449,0.07186133,0.038030386,0.042906284,0.09498149,0.11556792,0.037672162,0.030677259,0.028950214,0.042634428,0.033123553,0.045234084,0.07720578,0.031274557,0.058857203,0.048899233,0.030687869,0.03960371,0.041202962,0.038827837,0.039812386,0.09736073,0.05434239,0.04106641,0.032466114,0.10774928,0.076416075,0.03457892,0.016722918,0.027266681,0.14604539,0.027370214,0.023661494,0.004861653,0.0297032,0.052618086,0.076162934,0.021433413,0.028511107,0.025345862,0.07206392,0.09853238,0.038024485,0.037243307,0.030650198,0.268084,0.027547657,0.04230213,0.050227404,0.017327666,0.015516877,0.066399336,0.12866676,0.025374532,0.021591365,0.034309566,0.021800399,0.01621002,0.10502243,0.033225298,0.26554006,0.092345595,0.017280757,0.04555142,0.004516721,0.025874317,0.040924072,0.03803456,0.041896403,0.09804356,0.0,0.14145863,0.027165532,0.041397154,0.02642876
Q9PVD5,0.13228333,0.13606203,0.25972694,0.11397904,0.12099159,0.14521462,0.14507216,0.14776301,0.14953691,0.13278067,0.18484944,0.19536513,0.13107085,0.13372111,0.13012594,0.15703398,0.1642201,0.13726723,0.1359247,0.14688909,0.13219053,0.13512892,0.13621062,0.14409482,0.14754069,0.160564,0.1429835,0.13413715,0.19715983,0.13145143,0.15308207,0.17680973,0.2251485,0.2485376,0.13217825,0.16046005,0.36983007,0.15663546,0.15128142,0.15848023,0.12854528,0.14906508,0.12753952,0.1251415,0.13866997,0.1495173,0.14198661,0.20583051,0.20948118,0.13748163,0.14275569,0.15896142,0.16166419,0.1470626,0.15201646,0.14743954,0.15379238,0.16689408,0.16286713,0.1659652,0.15762806,0.15429872,0.13682956,0.13359976,0.13331252,0.1739695,0.18286747,0.17325151,0.1433897,0.1680829,0.14831996,0.14205074,0.14504129,0.14875501,0.15968907,0.17362267,0.12560898,0.15282369,0.14854062,0.15672946,0.12373555,0.111068964,0.14673191,0.17450291,0.15287286,0.14993042,0.16811055,0.13549316,0.14086556,0.14198816,0.12804234,0.14323431,0.13411582,0.13972348,0.13147932,0.13094288,0.13200146,0.12638348,0.1657232,0.1415869,0.13677996,0.137371,0.16336107,0.14167577,0.1275937,0.122663915,0.15151948,0.05892831,0.14037722,0.13147336,0.14215243,0.16240948,0.1899507,0.14573294,0.15012705,0.13859743,0.15648973,0.101855755,0.16536832,0.13236517,0.12504971,0.15977508,0.31211567,0.15049022,0.12802887,0.12150383,0.13183028,0.13499302,0.12595898,0.1841569,0.14256936,0.14426702,0.16358072,0.14278841,0.13585562,0.15303773,0.12378156,0.24425322,0.118866086,0.13265097,0.15567529,0.14866191,0.12457657,0.13963711,0.14209682,0.16940492,0.1543243,0.14145863,0.0,0.13339901,0.14519382,0.13541001
Q9U2R5,0.024644077,0.079239786,0.20545775,0.03692442,0.027652383,0.034342527,0.036165774,0.050342023,0.02865243,0.027151108,0.083117306,0.087675154,0.02356273,0.026465654,0.024201155,0.048968613,0.055999637,0.019756079,0.028310716,0.07879573,0.02492857,0.02954626,0.033893824,0.04531789,0.045970798,0.05087936,0.029362857,0.032724082,0.07505995,0.031458974,0.04415208,0.057361484,0.107744396,0.13746816,0.016920626,0.04521203,0.4124552,0.03976214,0.03324008,0.043033957,0.015368581,0.032081366,0.03301549,0.012533605,0.04387772,0.030042052,0.040573657,0.16735208,0.097539306,0.020370603,0.031282842,0.04455501,0.050222576,0.038379967,0.046465218,0.03455913,0.035300136,0.05133307,0.04117465,0.044852912,0.044501305,0.042908907,0.02012974,0.022631943,0.018102288,0.060612798,0.072051704,0.0559327,0.073349774,0.05378455,0.039700508,0.036579967,0.02827251,0.037898064,0.04561442,0.057100058,0.039121985,0.07544762,0.067240775,0.042841136,0.035452783,0.083429396,0.092324436,0.05785811,0.038846552,0.03571552,0.056691587,0.010849178,0.033545613,0.05475092,0.016033173,0.027956128,0.018445969,0.02515328,0.014432013,0.018262148,0.02462995,0.020947456,0.06875306,0.023071527,0.021304965,0.0122567415,0.07878482,0.035200953,0.029851258,0.021506488,0.037027597,0.12868512,0.020234168,0.024128854,0.030494928,0.05476427,0.07441318,0.06384039,0.03255427,0.030504465,0.037985742,0.05974394,0.103806436,0.020532906,0.016576052,0.040579736,0.265105,0.036128104,0.02142042,0.035237074,0.028493702,0.024887443,0.056142926,0.093476474,0.02286005,0.023928344,0.0438686,0.024198532,0.016589105,0.08841562,0.010912955,0.25536102,0.0828644,0.021624148,0.03983718,0.030471027,0.030980945,0.025512218,0.025554061,0.052435935,0.09594238,0.027165532,0.13339901,0.0,0.05086708,0.012846053
Q9VNE2,0.032545924,0.11376959,0.16551882,0.070213795,0.0454911,0.03608632,0.019696116,0.06990051,0.024347425,0.02353549,0.16451466,0.09029645,0.031452537,0.056850374,0.057267547,0.051034033,0.053735375,0.027446628,0.037528634,0.08075726,0.027073145,0.069193244,0.018889427,0.056915462,0.025161326,0.035233498,0.027457952,0.0250988,0.053714693,0.050994217,0.030186415,0.046674073,0.08922011,0.2175358,0.025131106,0.048167646,0.40407205,0.030775487,0.04035026,0.037608385,0.050012052,0.026889384,0.03326547,0.04333955,0.021443546,0.07778394,0.024741828,0.2012667,0.102995396,0.048917294,0.019233584,0.040816188,0.06561935,0.03963232,0.03065008,0.032390714,0.04335457,0.045885682,0.042374074,0.04262519,0.040086687,0.032785714,0.03317523,0.034523487,0.040138006,0.032280445,0.0425092,0.047457695,0.04394406,0.0264076,0.03085506,0.029406786,0.027501822,0.063464105,0.046016455,0.047353625,0.0681237,0.07843202,0.06781924,0.02082634,0.044618905,0.10520387,0.079549015,0.054538906,0.038835764,0.035217106,0.06811726,0.035989344,0.018157184,0.08830351,0.052744985,0.07032031,0.05720234,0.020836651,0.046148658,0.035960972,0.026892483,0.030590594,0.08022338,0.0599553,0.03494495,0.048597515,0.11646181,0.09375286,0.07044995,0.039791286,0.01922369,0.1440295,0.019854605,0.02543509,0.03352356,0.068609715,0.05637753,0.07936269,0.024994373,0.023885489,0.019631743,0.067115724,0.092889786,0.034215987,0.041860163,0.03620982,0.25577766,0.04262799,0.0624246,0.03701204,0.023639381,0.034570575,0.09519762,0.14657754,0.03923875,0.0405491,0.03501755,0.03530848,0.032837033,0.11999029,0.03514254,0.2906769,0.10173768,0.032015383,0.036210418,0.04004413,0.062072814,0.04559219,0.022668958,0.042305887,0.09250748,0.041397154,0.14519382,0.05086708,0.0,0.03664106
Q9XXI2,0.021154106,0.06639993,0.19131702,0.046245456,0.02665019,0.03316611,0.031980276,0.05221939,0.027236164,0.013221264,0.11744344,0.08318174,0.0100492835,0.031616867,0.015368581,0.043973982,0.048886895,0.012723446,0.02435249,0.08278507,0.016064227,0.028196692,0.025687635,0.04346758,0.035402298,0.04515475,0.024959505,0.029081464,0.06470293,0.026943326,0.03580326,0.04724133,0.09632498,0.16903162,0.014985979,0.03888738,0.3972785,0.03065586,0.026893973,0.036527693,0.024542332,0.027675867,0.032109857,0.01176095,0.025866926,0.038231134,0.030567646,0.16489065,0.09670031,0.022448063,0.018196225,0.037338078,0.052592397,0.033122003,0.036770225,0.02920562,0.03203273,0.043069243,0.03517586,0.038699925,0.036926508,0.03236121,0.016023815,0.01598084,0.014191866,0.051095903,0.061980903,0.04603839,0.055159986,0.04345143,0.029917657,0.02640307,0.018360257,0.041803896,0.037785888,0.04622668,0.046059906,0.07008779,0.061602235,0.029120207,0.037268758,0.08909112,0.08532232,0.052693248,0.032407463,0.029094934,0.055349946,0.012218058,0.02652216,0.062137723,0.0153175,0.032875657,0.028305769,0.015560269,0.019711256,0.009681642,0.015767694,0.015013039,0.06790817,0.027308226,0.023460448,0.012046695,0.09072864,0.053376853,0.024728894,0.016777635,0.0311355,0.123208284,0.012696266,0.01842779,0.025071204,0.050991237,0.065290034,0.05112487,0.022975743,0.021606922,0.029461503,0.049391508,0.08917159,0.015579164,0.01436168,0.037799895,0.257814,0.032999218,0.02401203,0.034672797,0.018368185,0.024422824,0.066319406,0.10358709,0.019665837,0.020422578,0.038639545,0.020241737,0.013360262,0.08256471,0.013044238,0.23937607,0.07577455,0.020875275,0.043385863,0.030117095,0.025915384,0.025139034,0.02090931,0.041458786,0.08343691,0.02642876,0.13541001,0.012846053,0.03664106,0.0
